District_name,Upazilla_name,Season,Predicted_Crops
Barguna,Amtali,Kharif,"Rice, Jute, Vegetables"
Barguna,Amtali,Rabi,"Wheat, Mustard, Potatoes"
Barguna,Amtali,Zaid,"Maize, Watermelon, Pumpkin"
Barguna,Bamna,Kharif,"Rice, Jute, Vegetables"
Barguna,Bamna,Rabi,"Wheat, Mustard, Potatoes"
Barguna,Bamna,Zaid,"Maize, Watermelon, Pumpkin"
Barguna,Barguna-S,Kharif,"Rice, Jute, Vegetables"
Barguna,Barguna-S,Rabi,"Wheat, Mustard, Potatoes"
Barguna,Barguna-S,Zaid,"Maize, Watermelon, Pumpkin"
Barguna,Betagi,Kharif,"Rice, Jute, Vegetables"
Barguna,Betagi,Rabi,"Wheat, Mustard, Potatoes"
Barguna,Betagi,Zaid,"Maize, Watermelon, Pumpkin"
Barguna,Patharghata,Kharif,"Rice, Jute, Vegetables"
Barguna,Patharghata,Rabi,"Wheat, Mustard, Potatoes"
Barguna,Patharghata,Zaid,"Maize, Watermelon, Pumpkin"
Barguna,Taltali,Kharif,"Rice, Jute, Vegetables"
Barguna,Taltali,Rabi,"Wheat, Mustard, Potatoes"
Barguna,Taltali,Zaid,"Maize, Watermelon, Pumpkin"
Barishal,Agailjhara,Kharif,"Rice, Jute, Vegetables"
Barishal,Agailjhara,Rabi,"Wheat, Mustard, Potatoes"
Barishal,Agailjhara,Zaid,"Maize, Watermelon, Pumpkin"
Barishal,Babuganj,Kharif,"Rice, Jute, Vegetables"
Barishal,Babuganj,Rabi,"Wheat, Mustard, Potatoes"
Barishal,Babuganj,Zaid,"Maize, Watermelon, Pumpkin"
Barishal,Bakerganj,Kharif,"Rice, Jute, Vegetables"
Barishal,Bakerganj,Rabi,"Wheat, Mustard, Potatoes"
Barishal,Bakerganj,Zaid,"Maize, Watermelon, Pumpkin"
Barishal,Banaripara,Kharif,"Rice, Jute, Vegetables"
Barishal,Banaripara,Rabi,"Wheat, Mustard, Potatoes"
Barishal,Banaripara,Zaid,"Maize, Watermelon, Pumpkin"
Barishal,Barishal-S,Kharif,"Rice, Jute, Vegetables"
Barishal,Barishal-S,Rabi,"Wheat, Mustard, Potatoes"
Barishal,Barishal-S,Zaid,"Maize, Watermelon, Pumpkin"
Barishal,Gouranadi,Kharif,"Rice, Jute, Vegetables"
Barishal,Gouranadi,Rabi,"Wheat, Mustard, Potatoes"
Barishal,Gouranadi,Zaid,"Maize, Watermelon, Pumpkin"
Barishal,Hizla,Kharif,"Rice, Jute, Vegetables"
Barishal,Hizla,Rabi,"Wheat, Mustard, Potatoes"
Barishal,Hizla,Zaid,"Maize, Watermelon, Pumpkin"
Barishal,Mehendiganj,Kharif,"Rice, Jute, Vegetables"
Barishal,Mehendiganj,Rabi,"Wheat, Mustard, Potatoes"
Barishal,Mehendiganj,Zaid,"Maize, Watermelon, Pumpkin"
Barishal,Muladi,Kharif,"Rice, Jute, Vegetables"
Barishal,Muladi,Rabi,"Wheat, Mustard, Potatoes"
Barishal,Muladi,Zaid,"Maize, Watermelon, Pumpkin"
Barishal,Uzirpur,Kharif,"Rice, Jute, Vegetables"
Barishal,Uzirpur,Rabi,"Wheat, Mustard, Potatoes"
Barishal,Uzirpur,Zaid,"Maize, Watermelon, Pumpkin"
Bhola,Bhola-S,Kharif,"Rice, Jute, Vegetables"
Bhola,Bhola-S,Rabi,"Wheat, Mustard, Potatoes"
Bhola,Bhola-S,Zaid,"Maize, Watermelon, Pumpkin"
Bhola,Borhanuddin,Kharif,"Rice, Jute, Vegetables"
Bhola,Borhanuddin,Rabi,"Wheat, Mustard, Potatoes"
Bhola,Borhanuddin,Zaid,"Maize, Watermelon, Pumpkin"
Bhola,Charfassion,Kharif,"Rice, Jute, Vegetables"
Bhola,Charfassion,Rabi,"Wheat, Mustard, Potatoes"
Bhola,Charfassion,Zaid,"Maize, Watermelon, Pumpkin"
Bhola,Daulatkhan,Kharif,"Rice, Jute, Vegetables"
Bhola,Daulatkhan,Rabi,"Wheat, Mustard, Potatoes"
Bhola,Daulatkhan,Zaid,"Maize, Watermelon, Pumpkin"
Bhola,Lalmohan,Kharif,"Rice, Jute, Vegetables"
Bhola,Lalmohan,Rabi,"Wheat, Mustard, Potatoes"
Bhola,Lalmohan,Zaid,"Maize, Watermelon, Pumpkin"
Bhola,Monpura,Kharif,"Rice, Jute, Vegetables"
Bhola,Monpura,Rabi,"Wheat, Mustard, Potatoes"
Bhola,Monpura,Zaid,"Maize, Watermelon, Pumpkin"
Bhola,Tazumuddin,Kharif,"Rice, Jute, Vegetables"
Bhola,Tazumuddin,Rabi,"Wheat, Mustard, Potatoes"
Bhola,Tazumuddin,Zaid,"Maize, Watermelon, Pumpkin"
Jhalokathi,Jhalokathi-S,Kharif,"Rice, Jute, Vegetables"
Jhalokathi,Jhalokathi-S,Rabi,"Wheat, Mustard, Potatoes"
Jhalokathi,Jhalokathi-S,Zaid,"Maize, Watermelon, Pumpkin"
Jhalokathi,Kathalia,Kharif,"Rice, Jute, Vegetables"
Jhalokathi,Kathalia,Rabi,"Wheat, Mustard, Potatoes"
Jhalokathi,Kathalia,Zaid,"Maize, Watermelon, Pumpkin"
Jhalokathi,Nalchity,Kharif,"Rice, Jute, Vegetables"
Jhalokathi,Nalchity,Rabi,"Wheat, Mustard, Potatoes"
Jhalokathi,Nalchity,Zaid,"Maize, Watermelon, Pumpkin"
Jhalokathi,Rajapur,Kharif,"Rice, Jute, Vegetables"
Jhalokathi,Rajapur,Rabi,"Wheat, Mustard, Potatoes"
Jhalokathi,Rajapur,Zaid,"Maize, Watermelon, Pumpkin"
Patuakhali,Bauphal,Kharif,"Rice, Jute, Vegetables"
Patuakhali,Bauphal,Rabi,"Wheat, Mustard, Potatoes"
Patuakhali,Bauphal,Zaid,"Maize, Watermelon, Pumpkin"
Patuakhali,Dashmina,Kharif,"Rice, Jute, Vegetables"
Patuakhali,Dashmina,Rabi,"Wheat, Mustard, Potatoes"
Patuakhali,Dashmina,Zaid,"Maize, Watermelon, Pumpkin"
Patuakhali,Dumki,Kharif,"Rice, Jute, Vegetables"
Patuakhali,Dumki,Rabi,"Wheat, Mustard, Potatoes"
Patuakhali,Dumki,Zaid,"Maize, Watermelon, Pumpkin"
Patuakhali,Galachipa,Kharif,"Rice, Jute, Vegetables"
Patuakhali,Galachipa,Rabi,"Wheat, Mustard, Potatoes"
Patuakhali,Galachipa,Zaid,"Maize, Watermelon, Pumpkin"
Patuakhali,Kalapara,Kharif,"Rice, Jute, Vegetables"
Patuakhali,Kalapara,Rabi,"Wheat, Mustard, Potatoes"
Patuakhali,Kalapara,Zaid,"Maize, Watermelon, Pumpkin"
Patuakhali,Mirjaganj,Kharif,"Rice, Jute, Vegetables"
Patuakhali,Mirjaganj,Rabi,"Wheat, Mustard, Potatoes"
Patuakhali,Mirjaganj,Zaid,"Maize, Watermelon, Pumpkin"
Patuakhali,Patuakhali-S,Kharif,"Rice, Jute, Vegetables"
Patuakhali,Patuakhali-S,Rabi,"Wheat, Mustard, Potatoes"
Patuakhali,Patuakhali-S,Zaid,"Maize, Watermelon, Pumpkin"
Patuakhali,Rangabali,Kharif,"Rice, Jute, Vegetables"
Patuakhali,Rangabali,Rabi,"Wheat, Mustard, Potatoes"
Patuakhali,Rangabali,Zaid,"Maize, Watermelon, Pumpkin"
Patuakhali,Bhandaria,Kharif,"Rice, Jute, Vegetables"
Patuakhali,Bhandaria,Rabi,"Wheat, Mustard, Potatoes"
Patuakhali,Bhandaria,Zaid,"Maize, Watermelon, Pumpkin"
Pirojpur,Kawkhali,Kharif,"Rice, Jute, Vegetables"
Pirojpur,Kawkhali,Rabi,"Wheat, Mustard, Potatoes"
Pirojpur,Kawkhali,Zaid,"Maize, Watermelon, Pumpkin"
Pirojpur,Mothbaria,Kharif,"Rice, Jute, Vegetables"
Pirojpur,Mothbaria,Rabi,"Wheat, Mustard, Potatoes"
Pirojpur,Mothbaria,Zaid,"Maize, Watermelon, Pumpkin"
Pirojpur,Nazirpur,Kharif,"Rice, Jute, Vegetables"
Pirojpur,Nazirpur,Rabi,"Wheat, Mustard, Potatoes"
Pirojpur,Nazirpur,Zaid,"Maize, Watermelon, Pumpkin"
Pirojpur,Nesarabad,Kharif,"Rice, Jute, Vegetables"
Pirojpur,Nesarabad,Rabi,"Wheat, Mustard, Potatoes"
Pirojpur,Nesarabad,Zaid,"Maize, Watermelon, Pumpkin"
Pirojpur,Pirojpur-S,Kharif,"Rice, Jute, Vegetables"
Pirojpur,Pirojpur-S,Rabi,"Wheat, Mustard, Potatoes"
Pirojpur,Pirojpur-S,Zaid,"Maize, Watermelon, Pumpkin"
Pirojpur,Zianagar,Kharif,"Rice, Jute, Vegetables"
Pirojpur,Zianagar,Rabi,"Wheat, Mustard, Potatoes"
Pirojpur,Zianagar,Zaid,"Maize, Watermelon, Pumpkin"
B.baria,Akhaura,Kharif,"Rice, Jute, Vegetables"
B.baria,Akhaura,Rabi,"Wheat, Mustard, Potatoes"
B.baria,Akhaura,Zaid,"Maize, Watermelon, Pumpkin"
B.baria,Ashuganj,Kharif,"Rice, Jute, Vegetables"
B.baria,Ashuganj,Rabi,"Wheat, Mustard, Potatoes"
B.baria,Ashuganj,Zaid,"Maize, Watermelon, Pumpkin"
B.baria,B.Baria-S,Kharif,"Rice, Jute, Vegetables"
B.baria,B.Baria-S,Rabi,"Wheat, Mustard, Potatoes"
B.baria,B.Baria-S,Zaid,"Maize, Watermelon, Pumpkin"
B.baria,Bancharampur,Kharif,"Rice, Jute, Vegetables"
B.baria,Bancharampur,Rabi,"Wheat, Mustard, Potatoes"
B.baria,Bancharampur,Zaid,"Maize, Watermelon, Pumpkin"
B.baria,Bijoynagar,Kharif,"Rice, Jute, Vegetables"
B.baria,Bijoynagar,Rabi,"Wheat, Mustard, Potatoes"
B.baria,Bijoynagar,Zaid,"Maize, Watermelon, Pumpkin"
B.baria,Kasba,Kharif,"Rice, Jute, Vegetables"
B.baria,Kasba,Rabi,"Wheat, Mustard, Potatoes"
B.baria,Kasba,Zaid,"Maize, Watermelon, Pumpkin"
B.baria,Nabinagar,Kharif,"Rice, Jute, Vegetables"
B.baria,Nabinagar,Rabi,"Wheat, Mustard, Potatoes"
B.baria,Nabinagar,Zaid,"Maize, Watermelon, Pumpkin"
B.baria,Nasirnagar,Kharif,"Rice, Jute, Vegetables"
B.baria,Nasirnagar,Rabi,"Wheat, Mustard, Potatoes"
B.baria,Nasirnagar,Zaid,"Maize, Watermelon, Pumpkin"
B.baria,Sarail,Kharif,"Rice, Jute, Vegetables"
B.baria,Sarail,Rabi,"Wheat, Mustard, Potatoes"
B.baria,Sarail,Zaid,"Maize, Watermelon, Pumpkin"
Bandarban,Alikadam,Kharif,"Rice, Jute, Vegetables"
Bandarban,Alikadam,Rabi,"Wheat, Mustard, Potatoes"
Bandarban,Alikadam,Zaid,"Maize, Watermelon, Pumpkin"
Bandarban,Bandarban-S,Kharif,"Rice, Jute, Vegetables"
Bandarban,Bandarban-S,Rabi,"Wheat, Mustard, Potatoes"
Bandarban,Bandarban-S,Zaid,"Maize, Watermelon, Pumpkin"
Bandarban,Lama,Kharif,"Rice, Jute, Vegetables"
Bandarban,Lama,Rabi,"Wheat, Mustard, Potatoes"
Bandarban,Lama,Zaid,"Maize, Watermelon, Pumpkin"
Bandarban,Naikhyongchari,Kharif,"Rice, Jute, Vegetables"
Bandarban,Naikhyongchari,Rabi,"Wheat, Mustard, Potatoes"
Bandarban,Naikhyongchari,Zaid,"Maize, Watermelon, Pumpkin"
Bandarban,Rowangchari,Kharif,"Rice, Jute, Vegetables"
Bandarban,Rowangchari,Rabi,"Wheat, Mustard, Potatoes"
Bandarban,Rowangchari,Zaid,"Maize, Watermelon, Pumpkin"
Bandarban,Ruma,Kharif,"Rice, Jute, Vegetables"
Bandarban,Ruma,Rabi,"Wheat, Mustard, Potatoes"
Bandarban,Ruma,Zaid,"Maize, Watermelon, Pumpkin"
Bandarban,Thanchi,Kharif,"Rice, Jute, Vegetables"
Bandarban,Thanchi,Rabi,"Wheat, Mustard, Potatoes"
Bandarban,Thanchi,Zaid,"Maize, Watermelon, Pumpkin"
Chandpur,Chandpur-S,Kharif,"Rice, Jute, Vegetables"
Chandpur,Chandpur-S,Rabi,"Wheat, Mustard, Potatoes"
Chandpur,Chandpur-S,Zaid,"Maize, Watermelon, Pumpkin"
Chandpur,Faridganj,Kharif,"Rice, Jute, Vegetables"
Chandpur,Faridganj,Rabi,"Wheat, Mustard, Potatoes"
Chandpur,Faridganj,Zaid,"Maize, Watermelon, Pumpkin"
Chandpur,Haimchar,Kharif,"Rice, Jute, Vegetables"
Chandpur,Haimchar,Rabi,"Wheat, Mustard, Potatoes"
Chandpur,Haimchar,Zaid,"Maize, Watermelon, Pumpkin"
Chandpur,Haziganj,Kharif,"Rice, Jute, Vegetables"
Chandpur,Haziganj,Rabi,"Wheat, Mustard, Potatoes"
Chandpur,Haziganj,Zaid,"Maize, Watermelon, Pumpkin"
Chandpur,Kachua,Kharif,"Rice, Jute, Vegetables"
Chandpur,Kachua,Rabi,"Wheat, Mustard, Potatoes"
Chandpur,Kachua,Zaid,"Maize, Watermelon, Pumpkin"
Chandpur,Matlab (Dakshin),Kharif,"Rice, Jute, Vegetables"
Chandpur,Matlab (Dakshin),Rabi,"Wheat, Mustard, Potatoes"
Chandpur,Matlab (Dakshin),Zaid,"Maize, Watermelon, Pumpkin"
Chandpur,Matlab (Uttar),Kharif,"Rice, Jute, Vegetables"
Chandpur,Matlab (Uttar),Rabi,"Wheat, Mustard, Potatoes"
Chandpur,Matlab (Uttar),Zaid,"Maize, Watermelon, Pumpkin"
Chandpur,Shahrasti,Kharif,"Rice, Jute, Vegetables"
Chandpur,Shahrasti,Rabi,"Wheat, Mustard, Potatoes"
Chandpur,Shahrasti,Zaid,"Maize, Watermelon, Pumpkin"
Chandpur,Anwara,Kharif,"Rice, Jute, Vegetables"
Chandpur,Anwara,Rabi,"Wheat, Mustard, Potatoes"
Chandpur,Anwara,Zaid,"Maize, Watermelon, Pumpkin"
Chandpur,Banskhali,Kharif,"Rice, Jute, Vegetables"
Chandpur,Banskhali,Rabi,"Wheat, Mustard, Potatoes"
Chandpur,Banskhali,Zaid,"Maize, Watermelon, Pumpkin"
Chandpur,Boalkhali,Kharif,"Rice, Jute, Vegetables"
Chandpur,Boalkhali,Rabi,"Wheat, Mustard, Potatoes"
Chandpur,Boalkhali,Zaid,"Maize, Watermelon, Pumpkin"
Chandpur,Chandanish,Kharif,"Rice, Jute, Vegetables"
Chandpur,Chandanish,Rabi,"Wheat, Mustard, Potatoes"
Chandpur,Chandanish,Zaid,"Maize, Watermelon, Pumpkin"
Chandpur,Fatikchari,Kharif,"Rice, Jute, Vegetables"
Chandpur,Fatikchari,Rabi,"Wheat, Mustard, Potatoes"
Chandpur,Fatikchari,Zaid,"Maize, Watermelon, Pumpkin"
Chandpur,Hathazari,Kharif,"Rice, Jute, Vegetables"
Chandpur,Hathazari,Rabi,"Wheat, Mustard, Potatoes"
Chandpur,Hathazari,Zaid,"Maize, Watermelon, Pumpkin"
Chattogram,Karnaphuli,Kharif,"Rice, Jute, Vegetables"
Chattogram,Karnaphuli,Rabi,"Wheat, Mustard, Potatoes"
Chattogram,Karnaphuli,Zaid,"Maize, Watermelon, Pumpkin"
Chattogram,Lohagara,Kharif,"Rice, Jute, Vegetables"
Chattogram,Lohagara,Rabi,"Wheat, Mustard, Potatoes"
Chattogram,Lohagara,Zaid,"Maize, Watermelon, Pumpkin"
Chattogram,Mirsharai,Kharif,"Rice, Jute, Vegetables"
Chattogram,Mirsharai,Rabi,"Wheat, Mustard, Potatoes"
Chattogram,Mirsharai,Zaid,"Maize, Watermelon, Pumpkin"
Chattogram,Patiya,Kharif,"Rice, Jute, Vegetables"
Chattogram,Patiya,Rabi,"Wheat, Mustard, Potatoes"
Chattogram,Patiya,Zaid,"Maize, Watermelon, Pumpkin"
Chattogram,Rangunia,Kharif,"Rice, Jute, Vegetables"
Chattogram,Rangunia,Rabi,"Wheat, Mustard, Potatoes"
Chattogram,Rangunia,Zaid,"Maize, Watermelon, Pumpkin"
Chattogram,Raojan,Kharif,"Rice, Jute, Vegetables"
Chattogram,Raojan,Rabi,"Wheat, Mustard, Potatoes"
Chattogram,Raojan,Zaid,"Maize, Watermelon, Pumpkin"
Chattogram,Sandwip,Kharif,"Rice, Jute, Vegetables"
Chattogram,Sandwip,Rabi,"Wheat, Mustard, Potatoes"
Chattogram,Sandwip,Zaid,"Maize, Watermelon, Pumpkin"
Chattogram,Satkania,Kharif,"Rice, Jute, Vegetables"
Chattogram,Satkania,Rabi,"Wheat, Mustard, Potatoes"
Chattogram,Satkania,Zaid,"Maize, Watermelon, Pumpkin"
Chattogram,Sitakunda,Kharif,"Rice, Jute, Vegetables"
Chattogram,Sitakunda,Rabi,"Wheat, Mustard, Potatoes"
Chattogram,Sitakunda,Zaid,"Maize, Watermelon, Pumpkin"
Cox's bazar,Chakoria,Kharif,"Rice, Jute, Vegetables"
Cox's bazar,Chakoria,Rabi,"Wheat, Mustard, Potatoes"
Cox's bazar,Chakoria,Zaid,"Maize, Watermelon, Pumpkin"
Cox's bazar,Cox'S Bazar-S,Kharif,"Rice, Jute, Vegetables"
Cox's bazar,Cox'S Bazar-S,Rabi,"Wheat, Mustard, Potatoes"
Cox's bazar,Cox'S Bazar-S,Zaid,"Maize, Watermelon, Pumpkin"
Cox's bazar,Kutubdia,Kharif,"Rice, Jute, Vegetables"
Cox's bazar,Kutubdia,Rabi,"Wheat, Mustard, Potatoes"
Cox's bazar,Kutubdia,Zaid,"Maize, Watermelon, Pumpkin"
Cox's bazar,Moheskhali,Kharif,"Rice, Jute, Vegetables"
Cox's bazar,Moheskhali,Rabi,"Wheat, Mustard, Potatoes"
Cox's bazar,Moheskhali,Zaid,"Maize, Watermelon, Pumpkin"
Cox's bazar,Pekua,Kharif,"Rice, Jute, Vegetables"
Cox's bazar,Pekua,Rabi,"Wheat, Mustard, Potatoes"
Cox's bazar,Pekua,Zaid,"Maize, Watermelon, Pumpkin"
Cox's bazar,Ramu,Kharif,"Rice, Jute, Vegetables"
Cox's bazar,Ramu,Rabi,"Wheat, Mustard, Potatoes"
Cox's bazar,Ramu,Zaid,"Maize, Watermelon, Pumpkin"
Cox's bazar,Teknaf,Kharif,"Rice, Jute, Vegetables"
Cox's bazar,Teknaf,Rabi,"Wheat, Mustard, Potatoes"
Cox's bazar,Teknaf,Zaid,"Maize, Watermelon, Pumpkin"
Cox's bazar,Ukhiya,Kharif,"Rice, Jute, Vegetables"
Cox's bazar,Ukhiya,Rabi,"Wheat, Mustard, Potatoes"
Cox's bazar,Ukhiya,Zaid,"Maize, Watermelon, Pumpkin"
Cumilla,Barura,Kharif,"Rice, Jute, Vegetables"
Cumilla,Barura,Rabi,"Wheat, Mustard, Potatoes"
Cumilla,Barura,Zaid,"Maize, Watermelon, Pumpkin"
Cumilla,Brahmanpara,Kharif,"Rice, Jute, Vegetables"
Cumilla,Brahmanpara,Rabi,"Wheat, Mustard, Potatoes"
Cumilla,Brahmanpara,Zaid,"Maize, Watermelon, Pumpkin"
Cumilla,Burichong,Kharif,"Rice, Jute, Vegetables"
Cumilla,Burichong,Rabi,"Wheat, Mustard, Potatoes"
Cumilla,Burichong,Zaid,"Maize, Watermelon, Pumpkin"
Cumilla,Chandina,Kharif,"Rice, Jute, Vegetables"
Cumilla,Chandina,Rabi,"Wheat, Mustard, Potatoes"
Cumilla,Chandina,Zaid,"Maize, Watermelon, Pumpkin"
Cumilla,Chouddagram,Kharif,"Rice, Jute, Vegetables"
Cumilla,Chouddagram,Rabi,"Wheat, Mustard, Potatoes"
Cumilla,Chouddagram,Zaid,"Maize, Watermelon, Pumpkin"
Cumilla,Cumilla-S,Kharif,"Rice, Jute, Vegetables"
Cumilla,Cumilla-S,Rabi,"Wheat, Mustard, Potatoes"
Cumilla,Cumilla-S,Zaid,"Maize, Watermelon, Pumpkin"
Cumilla,Cumilla-S Daksin,Kharif,"Rice, Jute, Vegetables"
Cumilla,Cumilla-S Daksin,Rabi,"Wheat, Mustard, Potatoes"
Cumilla,Cumilla-S Daksin,Zaid,"Maize, Watermelon, Pumpkin"
Cumilla,Daudkandi,Kharif,"Rice, Jute, Vegetables"
Cumilla,Daudkandi,Rabi,"Wheat, Mustard, Potatoes"
Cumilla,Daudkandi,Zaid,"Maize, Watermelon, Pumpkin"
Cumilla,Debidwar,Kharif,"Rice, Jute, Vegetables"
Cumilla,Debidwar,Rabi,"Wheat, Mustard, Potatoes"
Cumilla,Debidwar,Zaid,"Maize, Watermelon, Pumpkin"
Cumilla,Homna,Kharif,"Rice, Jute, Vegetables"
Cumilla,Homna,Rabi,"Wheat, Mustard, Potatoes"
Cumilla,Homna,Zaid,"Maize, Watermelon, Pumpkin"
Cumilla,Laksham,Kharif,"Rice, Jute, Vegetables"
Cumilla,Laksham,Rabi,"Wheat, Mustard, Potatoes"
Cumilla,Laksham,Zaid,"Maize, Watermelon, Pumpkin"
Cumilla,Lalmai,Kharif,"Rice, Jute, Vegetables"
Cumilla,Lalmai,Rabi,"Wheat, Mustard, Potatoes"
Cumilla,Lalmai,Zaid,"Maize, Watermelon, Pumpkin"
Cumilla,Meghna,Kharif,"Rice, Jute, Vegetables"
Cumilla,Meghna,Rabi,"Wheat, Mustard, Potatoes"
Cumilla,Meghna,Zaid,"Maize, Watermelon, Pumpkin"
Cumilla,Monohorganj,Kharif,"Rice, Jute, Vegetables"
Cumilla,Monohorganj,Rabi,"Wheat, Mustard, Potatoes"
Cumilla,Monohorganj,Zaid,"Maize, Watermelon, Pumpkin"
Cumilla,Muradnagar,Kharif,"Rice, Jute, Vegetables"
Cumilla,Muradnagar,Rabi,"Wheat, Mustard, Potatoes"
Cumilla,Muradnagar,Zaid,"Maize, Watermelon, Pumpkin"
Cumilla,Nangalkot,Kharif,"Rice, Jute, Vegetables"
Cumilla,Nangalkot,Rabi,"Wheat, Mustard, Potatoes"
Cumilla,Nangalkot,Zaid,"Maize, Watermelon, Pumpkin"
Cumilla,Titas,Kharif,"Rice, Jute, Vegetables"
Cumilla,Titas,Rabi,"Wheat, Mustard, Potatoes"
Cumilla,Titas,Zaid,"Maize, Watermelon, Pumpkin"
Cumilla,Chhagalniya,Kharif,"Rice, Jute, Vegetables"
Cumilla,Chhagalniya,Rabi,"Wheat, Mustard, Potatoes"
Cumilla,Chhagalniya,Zaid,"Maize, Watermelon, Pumpkin"
Cumilla,Daganbhuiyan,Kharif,"Rice, Jute, Vegetables"
Cumilla,Daganbhuiyan,Rabi,"Wheat, Mustard, Potatoes"
Cumilla,Daganbhuiyan,Zaid,"Maize, Watermelon, Pumpkin"
Cumilla,Feni-S,Kharif,"Rice, Jute, Vegetables"
Cumilla,Feni-S,Rabi,"Wheat, Mustard, Potatoes"
Cumilla,Feni-S,Zaid,"Maize, Watermelon, Pumpkin"
Cumilla,Fulgazi,Kharif,"Rice, Jute, Vegetables"
Cumilla,Fulgazi,Rabi,"Wheat, Mustard, Potatoes"
Cumilla,Fulgazi,Zaid,"Maize, Watermelon, Pumpkin"
Cumilla,Porshuram,Kharif,"Rice, Jute, Vegetables"
Cumilla,Porshuram,Rabi,"Wheat, Mustard, Potatoes"
Cumilla,Porshuram,Zaid,"Maize, Watermelon, Pumpkin"
Cumilla,Sonagazi,Kharif,"Rice, Jute, Vegetables"
Cumilla,Sonagazi,Rabi,"Wheat, Mustard, Potatoes"
Cumilla,Sonagazi,Zaid,"Maize, Watermelon, Pumpkin"
Khagrachari,Dighinala,Kharif,"Rice, Jute, Vegetables"
Khagrachari,Dighinala,Rabi,"Wheat, Mustard, Potatoes"
Khagrachari,Dighinala,Zaid,"Maize, Watermelon, Pumpkin"
Khagrachari,Guimara,Kharif,"Rice, Jute, Vegetables"
Khagrachari,Guimara,Rabi,"Wheat, Mustard, Potatoes"
Khagrachari,Guimara,Zaid,"Maize, Watermelon, Pumpkin"
Khagrachari,Khagrachari-S,Kharif,"Rice, Jute, Vegetables"
Khagrachari,Khagrachari-S,Rabi,"Wheat, Mustard, Potatoes"
Khagrachari,Khagrachari-S,Zaid,"Maize, Watermelon, Pumpkin"
Khagrachari,Laxmichari,Kharif,"Rice, Jute, Vegetables"
Khagrachari,Laxmichari,Rabi,"Wheat, Mustard, Potatoes"
Khagrachari,Laxmichari,Zaid,"Maize, Watermelon, Pumpkin"
Khagrachari,Mahalchari,Kharif,"Rice, Jute, Vegetables"
Khagrachari,Mahalchari,Rabi,"Wheat, Mustard, Potatoes"
Khagrachari,Mahalchari,Zaid,"Maize, Watermelon, Pumpkin"
Khagrachari,Manikchari,Kharif,"Rice, Jute, Vegetables"
Khagrachari,Manikchari,Rabi,"Wheat, Mustard, Potatoes"
Khagrachari,Manikchari,Zaid,"Maize, Watermelon, Pumpkin"
Khagrachari,Matiranga,Kharif,"Rice, Jute, Vegetables"
Khagrachari,Matiranga,Rabi,"Wheat, Mustard, Potatoes"
Khagrachari,Matiranga,Zaid,"Maize, Watermelon, Pumpkin"
Khagrachari,Panchari,Kharif,"Rice, Jute, Vegetables"
Khagrachari,Panchari,Rabi,"Wheat, Mustard, Potatoes"
Khagrachari,Panchari,Zaid,"Maize, Watermelon, Pumpkin"
Khagrachari,Ramgarh,Kharif,"Rice, Jute, Vegetables"
Khagrachari,Ramgarh,Rabi,"Wheat, Mustard, Potatoes"
Khagrachari,Ramgarh,Zaid,"Maize, Watermelon, Pumpkin"
Laxmipur,Komol Nagar,Kharif,"Rice, Jute, Vegetables"
Laxmipur,Komol Nagar,Rabi,"Wheat, Mustard, Potatoes"
Laxmipur,Komol Nagar,Zaid,"Maize, Watermelon, Pumpkin"
Laxmipur,Laxmipur-S,Kharif,"Rice, Jute, Vegetables"
Laxmipur,Laxmipur-S,Rabi,"Wheat, Mustard, Potatoes"
Laxmipur,Laxmipur-S,Zaid,"Maize, Watermelon, Pumpkin"
Laxmipur,Raipur,Kharif,"Rice, Jute, Vegetables"
Laxmipur,Raipur,Rabi,"Wheat, Mustard, Potatoes"
Laxmipur,Raipur,Zaid,"Maize, Watermelon, Pumpkin"
Laxmipur,Ramganj,Kharif,"Rice, Jute, Vegetables"
Laxmipur,Ramganj,Rabi,"Wheat, Mustard, Potatoes"
Laxmipur,Ramganj,Zaid,"Maize, Watermelon, Pumpkin"
Laxmipur,Ramgati,Kharif,"Rice, Jute, Vegetables"
Laxmipur,Ramgati,Rabi,"Wheat, Mustard, Potatoes"
Laxmipur,Ramgati,Zaid,"Maize, Watermelon, Pumpkin"
Noakhali,Begumganj,Kharif,"Rice, Jute, Vegetables"
Noakhali,Begumganj,Rabi,"Wheat, Mustard, Potatoes"
Noakhali,Begumganj,Zaid,"Maize, Watermelon, Pumpkin"
Noakhali,Chatkhil,Kharif,"Rice, Jute, Vegetables"
Noakhali,Chatkhil,Rabi,"Wheat, Mustard, Potatoes"
Noakhali,Chatkhil,Zaid,"Maize, Watermelon, Pumpkin"
Noakhali,Companiganj,Kharif,"Rice, Jute, Vegetables"
Noakhali,Companiganj,Rabi,"Wheat, Mustard, Potatoes"
Noakhali,Companiganj,Zaid,"Maize, Watermelon, Pumpkin"
Noakhali,Hatiya,Kharif,"Rice, Jute, Vegetables"
Noakhali,Hatiya,Rabi,"Wheat, Mustard, Potatoes"
Noakhali,Hatiya,Zaid,"Maize, Watermelon, Pumpkin"
Noakhali,Kabir Hat,Kharif,"Rice, Jute, Vegetables"
Noakhali,Kabir Hat,Rabi,"Wheat, Mustard, Potatoes"
Noakhali,Kabir Hat,Zaid,"Maize, Watermelon, Pumpkin"
Noakhali,Noakhali-S,Kharif,"Rice, Jute, Vegetables"
Noakhali,Noakhali-S,Rabi,"Wheat, Mustard, Potatoes"
Noakhali,Noakhali-S,Zaid,"Maize, Watermelon, Pumpkin"
Noakhali,Senbag,Kharif,"Rice, Jute, Vegetables"
Noakhali,Senbag,Rabi,"Wheat, Mustard, Potatoes"
Noakhali,Senbag,Zaid,"Maize, Watermelon, Pumpkin"
Noakhali,Sonaimuri,Kharif,"Rice, Jute, Vegetables"
Noakhali,Sonaimuri,Rabi,"Wheat, Mustard, Potatoes"
Noakhali,Sonaimuri,Zaid,"Maize, Watermelon, Pumpkin"
Noakhali,Subarna Char,Kharif,"Rice, Jute, Vegetables"
Noakhali,Subarna Char,Rabi,"Wheat, Mustard, Potatoes"
Noakhali,Subarna Char,Zaid,"Maize, Watermelon, Pumpkin"
Rangamati,Baghaichari,Kharif,"Rice, Jute, Vegetables"
Rangamati,Baghaichari,Rabi,"Wheat, Mustard, Potatoes"
Rangamati,Baghaichari,Zaid,"Maize, Watermelon, Pumpkin"
Rangamati,Barkal,Kharif,"Rice, Jute, Vegetables"
Rangamati,Barkal,Rabi,"Wheat, Mustard, Potatoes"
Rangamati,Barkal,Zaid,"Maize, Watermelon, Pumpkin"
Rangamati,Belaichari,Kharif,"Rice, Jute, Vegetables"
Rangamati,Belaichari,Rabi,"Wheat, Mustard, Potatoes"
Rangamati,Belaichari,Zaid,"Maize, Watermelon, Pumpkin"
Rangamati,Juraichari,Kharif,"Rice, Jute, Vegetables"
Rangamati,Juraichari,Rabi,"Wheat, Mustard, Potatoes"
Rangamati,Juraichari,Zaid,"Maize, Watermelon, Pumpkin"
Rangamati,Kaptai,Kharif,"Rice, Jute, Vegetables"
Rangamati,Kaptai,Rabi,"Wheat, Mustard, Potatoes"
Rangamati,Kaptai,Zaid,"Maize, Watermelon, Pumpkin"
Rangamati,Kaukhali,Kharif,"Rice, Jute, Vegetables"
Rangamati,Kaukhali,Rabi,"Wheat, Mustard, Potatoes"
Rangamati,Kaukhali,Zaid,"Maize, Watermelon, Pumpkin"
Rangamati,Langadu,Kharif,"Rice, Jute, Vegetables"
Rangamati,Langadu,Rabi,"Wheat, Mustard, Potatoes"
Rangamati,Langadu,Zaid,"Maize, Watermelon, Pumpkin"
Rangamati,Nanniarchar,Kharif,"Rice, Jute, Vegetables"
Rangamati,Nanniarchar,Rabi,"Wheat, Mustard, Potatoes"
Rangamati,Nanniarchar,Zaid,"Maize, Watermelon, Pumpkin"
Rangamati,Rajosthali,Kharif,"Rice, Jute, Vegetables"
Rangamati,Rajosthali,Rabi,"Wheat, Mustard, Potatoes"
Rangamati,Rajosthali,Zaid,"Maize, Watermelon, Pumpkin"
Rangamati,Rangamati-S,Kharif,"Rice, Jute, Vegetables"
Rangamati,Rangamati-S,Rabi,"Wheat, Mustard, Potatoes"
Rangamati,Rangamati-S,Zaid,"Maize, Watermelon, Pumpkin"
Dhaka,Dhamrai,Kharif,"Rice, Jute, Vegetables"
Dhaka,Dhamrai,Rabi,"Wheat, Mustard, Potatoes"
Dhaka,Dhamrai,Zaid,"Maize, Watermelon, Pumpkin"
Dhaka,Dohar,Kharif,"Rice, Jute, Vegetables"
Dhaka,Dohar,Rabi,"Wheat, Mustard, Potatoes"
Dhaka,Dohar,Zaid,"Maize, Watermelon, Pumpkin"
Dhaka,Keraniganj,Kharif,"Rice, Jute, Vegetables"
Dhaka,Keraniganj,Rabi,"Wheat, Mustard, Potatoes"
Dhaka,Keraniganj,Zaid,"Maize, Watermelon, Pumpkin"
Dhaka,Nawabganj,Kharif,"Rice, Jute, Vegetables"
Dhaka,Nawabganj,Rabi,"Wheat, Mustard, Potatoes"
Dhaka,Nawabganj,Zaid,"Maize, Watermelon, Pumpkin"
Dhaka,Savar,Kharif,"Rice, Jute, Vegetables"
Dhaka,Savar,Rabi,"Wheat, Mustard, Potatoes"
Dhaka,Savar,Zaid,"Maize, Watermelon, Pumpkin"
Faridpur,Alfadanga,Kharif,"Rice, Jute, Vegetables"
Faridpur,Alfadanga,Rabi,"Wheat, Mustard, Potatoes"
Faridpur,Alfadanga,Zaid,"Maize, Watermelon, Pumpkin"
Faridpur,Bhanga,Kharif,"Rice, Jute, Vegetables"
Faridpur,Bhanga,Rabi,"Wheat, Mustard, Potatoes"
Faridpur,Bhanga,Zaid,"Maize, Watermelon, Pumpkin"
Faridpur,Boalmari,Kharif,"Rice, Jute, Vegetables"
Faridpur,Boalmari,Rabi,"Wheat, Mustard, Potatoes"
Faridpur,Boalmari,Zaid,"Maize, Watermelon, Pumpkin"
Faridpur,Charbhadrasan,Kharif,"Rice, Jute, Vegetables"
Faridpur,Charbhadrasan,Rabi,"Wheat, Mustard, Potatoes"
Faridpur,Charbhadrasan,Zaid,"Maize, Watermelon, Pumpkin"
Faridpur,Faridpur-S,Kharif,"Rice, Jute, Vegetables"
Faridpur,Faridpur-S,Rabi,"Wheat, Mustard, Potatoes"
Faridpur,Faridpur-S,Zaid,"Maize, Watermelon, Pumpkin"
Faridpur,Madhukhali,Kharif,"Rice, Jute, Vegetables"
Faridpur,Madhukhali,Rabi,"Wheat, Mustard, Potatoes"
Faridpur,Madhukhali,Zaid,"Maize, Watermelon, Pumpkin"
Faridpur,Nagarkanda,Kharif,"Rice, Jute, Vegetables"
Faridpur,Nagarkanda,Rabi,"Wheat, Mustard, Potatoes"
Faridpur,Nagarkanda,Zaid,"Maize, Watermelon, Pumpkin"
Faridpur,Sadarpur,Kharif,"Rice, Jute, Vegetables"
Faridpur,Sadarpur,Rabi,"Wheat, Mustard, Potatoes"
Faridpur,Sadarpur,Zaid,"Maize, Watermelon, Pumpkin"
Faridpur,Saltha,Kharif,"Rice, Jute, Vegetables"
Faridpur,Saltha,Rabi,"Wheat, Mustard, Potatoes"
Faridpur,Saltha,Zaid,"Maize, Watermelon, Pumpkin"
Gazipur,Gazipur-S,Kharif,"Rice, Jute, Vegetables"
Gazipur,Gazipur-S,Rabi,"Wheat, Mustard, Potatoes"
Gazipur,Gazipur-S,Zaid,"Maize, Watermelon, Pumpkin"
Gazipur,Kaliakoir,Kharif,"Rice, Jute, Vegetables"
Gazipur,Kaliakoir,Rabi,"Wheat, Mustard, Potatoes"
Gazipur,Kaliakoir,Zaid,"Maize, Watermelon, Pumpkin"
Gazipur,Kaliganj,Kharif,"Rice, Jute, Vegetables"
Gazipur,Kaliganj,Rabi,"Wheat, Mustard, Potatoes"
Gazipur,Kaliganj,Zaid,"Maize, Watermelon, Pumpkin"
Gazipur,Kapasia,Kharif,"Rice, Jute, Vegetables"
Gazipur,Kapasia,Rabi,"Wheat, Mustard, Potatoes"
Gazipur,Kapasia,Zaid,"Maize, Watermelon, Pumpkin"
Gazipur,Sreepur,Kharif,"Rice, Jute, Vegetables"
Gazipur,Sreepur,Rabi,"Wheat, Mustard, Potatoes"
Gazipur,Sreepur,Zaid,"Maize, Watermelon, Pumpkin"
Gopalganj,Gopalganj-S,Kharif,"Rice, Jute, Vegetables"
Gopalganj,Gopalganj-S,Rabi,"Wheat, Mustard, Potatoes"
Gopalganj,Gopalganj-S,Zaid,"Maize, Watermelon, Pumpkin"
Gopalganj,Kasiani,Kharif,"Rice, Jute, Vegetables"
Gopalganj,Kasiani,Rabi,"Wheat, Mustard, Potatoes"
Gopalganj,Kasiani,Zaid,"Maize, Watermelon, Pumpkin"
Gopalganj,Kotwalipara,Kharif,"Rice, Jute, Vegetables"
Gopalganj,Kotwalipara,Rabi,"Wheat, Mustard, Potatoes"
Gopalganj,Kotwalipara,Zaid,"Maize, Watermelon, Pumpkin"
Gopalganj,Muksudpur,Kharif,"Rice, Jute, Vegetables"
Gopalganj,Muksudpur,Rabi,"Wheat, Mustard, Potatoes"
Gopalganj,Muksudpur,Zaid,"Maize, Watermelon, Pumpkin"
Gopalganj,Tungipara,Kharif,"Rice, Jute, Vegetables"
Gopalganj,Tungipara,Rabi,"Wheat, Mustard, Potatoes"
Gopalganj,Tungipara,Zaid,"Maize, Watermelon, Pumpkin"
Kishoreganj,Austagram,Kharif,"Rice, Jute, Vegetables"
Kishoreganj,Austagram,Rabi,"Wheat, Mustard, Potatoes"
Kishoreganj,Austagram,Zaid,"Maize, Watermelon, Pumpkin"
Kishoreganj,Bajitpur,Kharif,"Rice, Jute, Vegetables"
Kishoreganj,Bajitpur,Rabi,"Wheat, Mustard, Potatoes"
Kishoreganj,Bajitpur,Zaid,"Maize, Watermelon, Pumpkin"
Kishoreganj,Bhairab,Kharif,"Rice, Jute, Vegetables"
Kishoreganj,Bhairab,Rabi,"Wheat, Mustard, Potatoes"
Kishoreganj,Bhairab,Zaid,"Maize, Watermelon, Pumpkin"
Kishoreganj,Hossainpur,Kharif,"Rice, Jute, Vegetables"
Kishoreganj,Hossainpur,Rabi,"Wheat, Mustard, Potatoes"
Kishoreganj,Hossainpur,Zaid,"Maize, Watermelon, Pumpkin"
Kishoreganj,Itna,Kharif,"Rice, Jute, Vegetables"
Kishoreganj,Itna,Rabi,"Wheat, Mustard, Potatoes"
Kishoreganj,Itna,Zaid,"Maize, Watermelon, Pumpkin"
Kishoreganj,Karimganj,Kharif,"Rice, Jute, Vegetables"
Kishoreganj,Karimganj,Rabi,"Wheat, Mustard, Potatoes"
Kishoreganj,Karimganj,Zaid,"Maize, Watermelon, Pumpkin"
Kishoreganj,Katiadi,Kharif,"Rice, Jute, Vegetables"
Kishoreganj,Katiadi,Rabi,"Wheat, Mustard, Potatoes"
Kishoreganj,Katiadi,Zaid,"Maize, Watermelon, Pumpkin"
Kishoreganj,Kishoreganj-S,Kharif,"Rice, Jute, Vegetables"
Kishoreganj,Kishoreganj-S,Rabi,"Wheat, Mustard, Potatoes"
Kishoreganj,Kishoreganj-S,Zaid,"Maize, Watermelon, Pumpkin"
Kishoreganj,Kuliarchar,Kharif,"Rice, Jute, Vegetables"
Kishoreganj,Kuliarchar,Rabi,"Wheat, Mustard, Potatoes"
Kishoreganj,Kuliarchar,Zaid,"Maize, Watermelon, Pumpkin"
Kishoreganj,Mithamoin,Kharif,"Rice, Jute, Vegetables"
Kishoreganj,Mithamoin,Rabi,"Wheat, Mustard, Potatoes"
Kishoreganj,Mithamoin,Zaid,"Maize, Watermelon, Pumpkin"
Kishoreganj,Nikli,Kharif,"Rice, Jute, Vegetables"
Kishoreganj,Nikli,Rabi,"Wheat, Mustard, Potatoes"
Kishoreganj,Nikli,Zaid,"Maize, Watermelon, Pumpkin"
Kishoreganj,Pakundia,Kharif,"Rice, Jute, Vegetables"
Kishoreganj,Pakundia,Rabi,"Wheat, Mustard, Potatoes"
Kishoreganj,Pakundia,Zaid,"Maize, Watermelon, Pumpkin"
Kishoreganj,Tarail,Kharif,"Rice, Jute, Vegetables"
Kishoreganj,Tarail,Rabi,"Wheat, Mustard, Potatoes"
Kishoreganj,Tarail,Zaid,"Maize, Watermelon, Pumpkin"
Madaripur,Kalkini,Kharif,"Rice, Jute, Vegetables"
Madaripur,Kalkini,Rabi,"Wheat, Mustard, Potatoes"
Madaripur,Kalkini,Zaid,"Maize, Watermelon, Pumpkin"
Madaripur,Madaripur-S,Kharif,"Rice, Jute, Vegetables"
Madaripur,Madaripur-S,Rabi,"Wheat, Mustard, Potatoes"
Madaripur,Madaripur-S,Zaid,"Maize, Watermelon, Pumpkin"
Madaripur,Rajoir,Kharif,"Rice, Jute, Vegetables"
Madaripur,Rajoir,Rabi,"Wheat, Mustard, Potatoes"
Madaripur,Rajoir,Zaid,"Maize, Watermelon, Pumpkin"
Madaripur,Shibchar,Kharif,"Rice, Jute, Vegetables"
Madaripur,Shibchar,Rabi,"Wheat, Mustard, Potatoes"
Madaripur,Shibchar,Zaid,"Maize, Watermelon, Pumpkin"
Manikganj,Daulatpur,Kharif,"Rice, Jute, Vegetables"
Manikganj,Daulatpur,Rabi,"Wheat, Mustard, Potatoes"
Manikganj,Daulatpur,Zaid,"Maize, Watermelon, Pumpkin"
Manikganj,Ghior,Kharif,"Rice, Jute, Vegetables"
Manikganj,Ghior,Rabi,"Wheat, Mustard, Potatoes"
Manikganj,Ghior,Zaid,"Maize, Watermelon, Pumpkin"
Manikganj,Harirampur,Kharif,"Rice, Jute, Vegetables"
Manikganj,Harirampur,Rabi,"Wheat, Mustard, Potatoes"
Manikganj,Harirampur,Zaid,"Maize, Watermelon, Pumpkin"
Manikganj,Manikganj-S,Kharif,"Rice, Jute, Vegetables"
Manikganj,Manikganj-S,Rabi,"Wheat, Mustard, Potatoes"
Manikganj,Manikganj-S,Zaid,"Maize, Watermelon, Pumpkin"
Manikganj,Saturia,Kharif,"Rice, Jute, Vegetables"
Manikganj,Saturia,Rabi,"Wheat, Mustard, Potatoes"
Manikganj,Saturia,Zaid,"Maize, Watermelon, Pumpkin"
Manikganj,Shivalaya,Kharif,"Rice, Jute, Vegetables"
Manikganj,Shivalaya,Rabi,"Wheat, Mustard, Potatoes"
Manikganj,Shivalaya,Zaid,"Maize, Watermelon, Pumpkin"
Manikganj,Singair,Kharif,"Rice, Jute, Vegetables"
Manikganj,Singair,Rabi,"Wheat, Mustard, Potatoes"
Manikganj,Singair,Zaid,"Maize, Watermelon, Pumpkin"
Munshiganj,Gazaria,Kharif,"Rice, Jute, Vegetables"
Munshiganj,Gazaria,Rabi,"Wheat, Mustard, Potatoes"
Munshiganj,Gazaria,Zaid,"Maize, Watermelon, Pumpkin"
Munshiganj,Lauhajong,Kharif,"Rice, Jute, Vegetables"
Munshiganj,Lauhajong,Rabi,"Wheat, Mustard, Potatoes"
Munshiganj,Lauhajong,Zaid,"Maize, Watermelon, Pumpkin"
Munshiganj,Munshiganj-S,Kharif,"Rice, Jute, Vegetables"
Munshiganj,Munshiganj-S,Rabi,"Wheat, Mustard, Potatoes"
Munshiganj,Munshiganj-S,Zaid,"Maize, Watermelon, Pumpkin"
Munshiganj,Sirajdikhan,Kharif,"Rice, Jute, Vegetables"
Munshiganj,Sirajdikhan,Rabi,"Wheat, Mustard, Potatoes"
Munshiganj,Sirajdikhan,Zaid,"Maize, Watermelon, Pumpkin"
Munshiganj,Sreenagar,Kharif,"Rice, Jute, Vegetables"
Munshiganj,Sreenagar,Rabi,"Wheat, Mustard, Potatoes"
Munshiganj,Sreenagar,Zaid,"Maize, Watermelon, Pumpkin"
Munshiganj,Tongibari,Kharif,"Rice, Jute, Vegetables"
Munshiganj,Tongibari,Rabi,"Wheat, Mustard, Potatoes"
Munshiganj,Tongibari,Zaid,"Maize, Watermelon, Pumpkin"
Narayanganj,Araihazar,Kharif,"Rice, Jute, Vegetables"
Narayanganj,Araihazar,Rabi,"Wheat, Mustard, Potatoes"
Narayanganj,Araihazar,Zaid,"Maize, Watermelon, Pumpkin"
Narayanganj,Bandar,Kharif,"Rice, Jute, Vegetables"
Narayanganj,Bandar,Rabi,"Wheat, Mustard, Potatoes"
Narayanganj,Bandar,Zaid,"Maize, Watermelon, Pumpkin"
Narayanganj,Narayanganj-S,Kharif,"Rice, Jute, Vegetables"
Narayanganj,Narayanganj-S,Rabi,"Wheat, Mustard, Potatoes"
Narayanganj,Narayanganj-S,Zaid,"Maize, Watermelon, Pumpkin"
Narayanganj,Rupganj,Kharif,"Rice, Jute, Vegetables"
Narayanganj,Rupganj,Rabi,"Wheat, Mustard, Potatoes"
Narayanganj,Rupganj,Zaid,"Maize, Watermelon, Pumpkin"
Narayanganj,Sonargaon,Kharif,"Rice, Jute, Vegetables"
Narayanganj,Sonargaon,Rabi,"Wheat, Mustard, Potatoes"
Narayanganj,Sonargaon,Zaid,"Maize, Watermelon, Pumpkin"
Narshingdi,Belabo,Kharif,"Rice, Jute, Vegetables"
Narshingdi,Belabo,Rabi,"Wheat, Mustard, Potatoes"
Narshingdi,Belabo,Zaid,"Maize, Watermelon, Pumpkin"
Narshingdi,Monohardi,Kharif,"Rice, Jute, Vegetables"
Narshingdi,Monohardi,Rabi,"Wheat, Mustard, Potatoes"
Narshingdi,Monohardi,Zaid,"Maize, Watermelon, Pumpkin"
Narshingdi,Narshingdi-S,Kharif,"Rice, Jute, Vegetables"
Narshingdi,Narshingdi-S,Rabi,"Wheat, Mustard, Potatoes"
Narshingdi,Narshingdi-S,Zaid,"Maize, Watermelon, Pumpkin"
Narshingdi,Palash,Kharif,"Rice, Jute, Vegetables"
Narshingdi,Palash,Rabi,"Wheat, Mustard, Potatoes"
Narshingdi,Palash,Zaid,"Maize, Watermelon, Pumpkin"
Narshingdi,Raipura,Kharif,"Rice, Jute, Vegetables"
Narshingdi,Raipura,Rabi,"Wheat, Mustard, Potatoes"
Narshingdi,Raipura,Zaid,"Maize, Watermelon, Pumpkin"
Narshingdi,Shibpur,Kharif,"Rice, Jute, Vegetables"
Narshingdi,Shibpur,Rabi,"Wheat, Mustard, Potatoes"
Narshingdi,Shibpur,Zaid,"Maize, Watermelon, Pumpkin"
Narshingdi,Baliakandi,Kharif,"Rice, Jute, Vegetables"
Narshingdi,Baliakandi,Rabi,"Wheat, Mustard, Potatoes"
Narshingdi,Baliakandi,Zaid,"Maize, Watermelon, Pumpkin"
Narshingdi,Goalanda,Kharif,"Rice, Jute, Vegetables"
Narshingdi,Goalanda,Rabi,"Wheat, Mustard, Potatoes"
Narshingdi,Goalanda,Zaid,"Maize, Watermelon, Pumpkin"
Narshingdi,Kalukhali,Kharif,"Rice, Jute, Vegetables"
Narshingdi,Kalukhali,Rabi,"Wheat, Mustard, Potatoes"
Narshingdi,Kalukhali,Zaid,"Maize, Watermelon, Pumpkin"
Narshingdi,Pangsha,Kharif,"Rice, Jute, Vegetables"
Narshingdi,Pangsha,Rabi,"Wheat, Mustard, Potatoes"
Narshingdi,Pangsha,Zaid,"Maize, Watermelon, Pumpkin"
Narshingdi,Rajbari-S,Kharif,"Rice, Jute, Vegetables"
Narshingdi,Rajbari-S,Rabi,"Wheat, Mustard, Potatoes"
Narshingdi,Rajbari-S,Zaid,"Maize, Watermelon, Pumpkin"
Narshingdi,Bhedarganj,Kharif,"Rice, Jute, Vegetables"
Narshingdi,Bhedarganj,Rabi,"Wheat, Mustard, Potatoes"
Narshingdi,Bhedarganj,Zaid,"Maize, Watermelon, Pumpkin"
Shariatpur,Damuddya,Kharif,"Rice, Jute, Vegetables"
Shariatpur,Damuddya,Rabi,"Wheat, Mustard, Potatoes"
Shariatpur,Damuddya,Zaid,"Maize, Watermelon, Pumpkin"
Shariatpur,Goshairhat,Kharif,"Rice, Jute, Vegetables"
Shariatpur,Goshairhat,Rabi,"Wheat, Mustard, Potatoes"
Shariatpur,Goshairhat,Zaid,"Maize, Watermelon, Pumpkin"
Shariatpur,Janjira,Kharif,"Rice, Jute, Vegetables"
Shariatpur,Janjira,Rabi,"Wheat, Mustard, Potatoes"
Shariatpur,Janjira,Zaid,"Maize, Watermelon, Pumpkin"
Shariatpur,Naria,Kharif,"Rice, Jute, Vegetables"
Shariatpur,Naria,Rabi,"Wheat, Mustard, Potatoes"
Shariatpur,Naria,Zaid,"Maize, Watermelon, Pumpkin"
Shariatpur,Shariatpur-S,Kharif,"Rice, Jute, Vegetables"
Shariatpur,Shariatpur-S,Rabi,"Wheat, Mustard, Potatoes"
Shariatpur,Shariatpur-S,Zaid,"Maize, Watermelon, Pumpkin"
Tangail,Basail,Kharif,"Rice, Jute, Vegetables"
Tangail,Basail,Rabi,"Wheat, Mustard, Potatoes"
Tangail,Basail,Zaid,"Maize, Watermelon, Pumpkin"
Tangail,Bhuapur,Kharif,"Rice, Jute, Vegetables"
Tangail,Bhuapur,Rabi,"Wheat, Mustard, Potatoes"
Tangail,Bhuapur,Zaid,"Maize, Watermelon, Pumpkin"
Tangail,Delduar,Kharif,"Rice, Jute, Vegetables"
Tangail,Delduar,Rabi,"Wheat, Mustard, Potatoes"
Tangail,Delduar,Zaid,"Maize, Watermelon, Pumpkin"
Tangail,Dhanbari,Kharif,"Rice, Jute, Vegetables"
Tangail,Dhanbari,Rabi,"Wheat, Mustard, Potatoes"
Tangail,Dhanbari,Zaid,"Maize, Watermelon, Pumpkin"
Tangail,Ghatail,Kharif,"Rice, Jute, Vegetables"
Tangail,Ghatail,Rabi,"Wheat, Mustard, Potatoes"
Tangail,Ghatail,Zaid,"Maize, Watermelon, Pumpkin"
Tangail,Gopalpur,Kharif,"Rice, Jute, Vegetables"
Tangail,Gopalpur,Rabi,"Wheat, Mustard, Potatoes"
Tangail,Gopalpur,Zaid,"Maize, Watermelon, Pumpkin"
Tangail,Kalihati,Kharif,"Rice, Jute, Vegetables"
Tangail,Kalihati,Rabi,"Wheat, Mustard, Potatoes"
Tangail,Kalihati,Zaid,"Maize, Watermelon, Pumpkin"
Tangail,Madhupur,Kharif,"Rice, Jute, Vegetables"
Tangail,Madhupur,Rabi,"Wheat, Mustard, Potatoes"
Tangail,Madhupur,Zaid,"Maize, Watermelon, Pumpkin"
Tangail,Mirzapur,Kharif,"Rice, Jute, Vegetables"
Tangail,Mirzapur,Rabi,"Wheat, Mustard, Potatoes"
Tangail,Mirzapur,Zaid,"Maize, Watermelon, Pumpkin"
Tangail,Nagarpur,Kharif,"Rice, Jute, Vegetables"
Tangail,Nagarpur,Rabi,"Wheat, Mustard, Potatoes"
Tangail,Nagarpur,Zaid,"Maize, Watermelon, Pumpkin"
Tangail,Shakhipur,Kharif,"Rice, Jute, Vegetables"
Tangail,Shakhipur,Rabi,"Wheat, Mustard, Potatoes"
Tangail,Shakhipur,Zaid,"Maize, Watermelon, Pumpkin"
Tangail,Tangail-S,Kharif,"Rice, Jute, Vegetables"
Tangail,Tangail-S,Rabi,"Wheat, Mustard, Potatoes"
Tangail,Tangail-S,Zaid,"Maize, Watermelon, Pumpkin"
Bagerhat,Bagerhat-S,Kharif,"Rice, Jute, Vegetables"
Bagerhat,Bagerhat-S,Rabi,"Wheat, Mustard, Potatoes"
Bagerhat,Bagerhat-S,Zaid,"Maize, Watermelon, Pumpkin"
Bagerhat,Chitalmari,Kharif,"Rice, Jute, Vegetables"
Bagerhat,Chitalmari,Rabi,"Wheat, Mustard, Potatoes"
Bagerhat,Chitalmari,Zaid,"Maize, Watermelon, Pumpkin"
Bagerhat,Fakirhat,Kharif,"Rice, Jute, Vegetables"
Bagerhat,Fakirhat,Rabi,"Wheat, Mustard, Potatoes"
Bagerhat,Fakirhat,Zaid,"Maize, Watermelon, Pumpkin"
Bagerhat,Kachua,Kharif,"Rice, Jute, Vegetables"
Bagerhat,Kachua,Rabi,"Wheat, Mustard, Potatoes"
Bagerhat,Kachua,Zaid,"Maize, Watermelon, Pumpkin"
Bagerhat,Mollahat,Kharif,"Rice, Jute, Vegetables"
Bagerhat,Mollahat,Rabi,"Wheat, Mustard, Potatoes"
Bagerhat,Mollahat,Zaid,"Maize, Watermelon, Pumpkin"
Bagerhat,Mongla,Kharif,"Rice, Jute, Vegetables"
Bagerhat,Mongla,Rabi,"Wheat, Mustard, Potatoes"
Bagerhat,Mongla,Zaid,"Maize, Watermelon, Pumpkin"
Bagerhat,Morrelganj,Kharif,"Rice, Jute, Vegetables"
Bagerhat,Morrelganj,Rabi,"Wheat, Mustard, Potatoes"
Bagerhat,Morrelganj,Zaid,"Maize, Watermelon, Pumpkin"
Bagerhat,Rampal,Kharif,"Rice, Jute, Vegetables"
Bagerhat,Rampal,Rabi,"Wheat, Mustard, Potatoes"
Bagerhat,Rampal,Zaid,"Maize, Watermelon, Pumpkin"
Bagerhat,Sharankhola,Kharif,"Rice, Jute, Vegetables"
Bagerhat,Sharankhola,Rabi,"Wheat, Mustard, Potatoes"
Bagerhat,Sharankhola,Zaid,"Maize, Watermelon, Pumpkin"
Chuadanga,Alamdanga,Kharif,"Rice, Jute, Vegetables"
Chuadanga,Alamdanga,Rabi,"Wheat, Mustard, Potatoes"
Chuadanga,Alamdanga,Zaid,"Maize, Watermelon, Pumpkin"
Chuadanga,Chuadanga-S,Kharif,"Rice, Jute, Vegetables"
Chuadanga,Chuadanga-S,Rabi,"Wheat, Mustard, Potatoes"
Chuadanga,Chuadanga-S,Zaid,"Maize, Watermelon, Pumpkin"
Chuadanga,Damurhuda,Kharif,"Rice, Jute, Vegetables"
Chuadanga,Damurhuda,Rabi,"Wheat, Mustard, Potatoes"
Chuadanga,Damurhuda,Zaid,"Maize, Watermelon, Pumpkin"
Chuadanga,Jibannagar,Kharif,"Rice, Jute, Vegetables"
Chuadanga,Jibannagar,Rabi,"Wheat, Mustard, Potatoes"
Chuadanga,Jibannagar,Zaid,"Maize, Watermelon, Pumpkin"
Jashore,Abhoynagar,Kharif,"Rice, Jute, Vegetables"
Jashore,Abhoynagar,Rabi,"Wheat, Mustard, Potatoes"
Jashore,Abhoynagar,Zaid,"Maize, Watermelon, Pumpkin"
Jashore,Bagherpara,Kharif,"Rice, Jute, Vegetables"
Jashore,Bagherpara,Rabi,"Wheat, Mustard, Potatoes"
Jashore,Bagherpara,Zaid,"Maize, Watermelon, Pumpkin"
Jashore,Chowgacha,Kharif,"Rice, Jute, Vegetables"
Jashore,Chowgacha,Rabi,"Wheat, Mustard, Potatoes"
Jashore,Chowgacha,Zaid,"Maize, Watermelon, Pumpkin"
Jashore,Jashore-S,Kharif,"Rice, Jute, Vegetables"
Jashore,Jashore-S,Rabi,"Wheat, Mustard, Potatoes"
Jashore,Jashore-S,Zaid,"Maize, Watermelon, Pumpkin"
Jashore,Jhikargacha,Kharif,"Rice, Jute, Vegetables"
Jashore,Jhikargacha,Rabi,"Wheat, Mustard, Potatoes"
Jashore,Jhikargacha,Zaid,"Maize, Watermelon, Pumpkin"
Jashore,Keshabpur,Kharif,"Rice, Jute, Vegetables"
Jashore,Keshabpur,Rabi,"Wheat, Mustard, Potatoes"
Jashore,Keshabpur,Zaid,"Maize, Watermelon, Pumpkin"
Jashore,Monirampur,Kharif,"Rice, Jute, Vegetables"
Jashore,Monirampur,Rabi,"Wheat, Mustard, Potatoes"
Jashore,Monirampur,Zaid,"Maize, Watermelon, Pumpkin"
Jashore,Sarsha,Kharif,"Rice, Jute, Vegetables"
Jashore,Sarsha,Rabi,"Wheat, Mustard, Potatoes"
Jashore,Sarsha,Zaid,"Maize, Watermelon, Pumpkin"
Jhenaidah,Harinakunda,Kharif,"Rice, Jute, Vegetables"
Jhenaidah,Harinakunda,Rabi,"Wheat, Mustard, Potatoes"
Jhenaidah,Harinakunda,Zaid,"Maize, Watermelon, Pumpkin"
Jhenaidah,Jhenaidah-S,Kharif,"Rice, Jute, Vegetables"
Jhenaidah,Jhenaidah-S,Rabi,"Wheat, Mustard, Potatoes"
Jhenaidah,Jhenaidah-S,Zaid,"Maize, Watermelon, Pumpkin"
Jhenaidah,Kaliganj,Kharif,"Rice, Jute, Vegetables"
Jhenaidah,Kaliganj,Rabi,"Wheat, Mustard, Potatoes"
Jhenaidah,Kaliganj,Zaid,"Maize, Watermelon, Pumpkin"
Jhenaidah,Kotchandpur,Kharif,"Rice, Jute, Vegetables"
Jhenaidah,Kotchandpur,Rabi,"Wheat, Mustard, Potatoes"
Jhenaidah,Kotchandpur,Zaid,"Maize, Watermelon, Pumpkin"
Jhenaidah,Moheshpur,Kharif,"Rice, Jute, Vegetables"
Jhenaidah,Moheshpur,Rabi,"Wheat, Mustard, Potatoes"
Jhenaidah,Moheshpur,Zaid,"Maize, Watermelon, Pumpkin"
Jhenaidah,Shailkupa,Kharif,"Rice, Jute, Vegetables"
Jhenaidah,Shailkupa,Rabi,"Wheat, Mustard, Potatoes"
Jhenaidah,Shailkupa,Zaid,"Maize, Watermelon, Pumpkin"
Khulna,Batiaghata,Kharif,"Rice, Jute, Vegetables"
Khulna,Batiaghata,Rabi,"Wheat, Mustard, Potatoes"
Khulna,Batiaghata,Zaid,"Maize, Watermelon, Pumpkin"
Khulna,Dacope,Kharif,"Rice, Jute, Vegetables"
Khulna,Dacope,Rabi,"Wheat, Mustard, Potatoes"
Khulna,Dacope,Zaid,"Maize, Watermelon, Pumpkin"
Khulna,Dighalia,Kharif,"Rice, Jute, Vegetables"
Khulna,Dighalia,Rabi,"Wheat, Mustard, Potatoes"
Khulna,Dighalia,Zaid,"Maize, Watermelon, Pumpkin"
Khulna,Dumuria,Kharif,"Rice, Jute, Vegetables"
Khulna,Dumuria,Rabi,"Wheat, Mustard, Potatoes"
Khulna,Dumuria,Zaid,"Maize, Watermelon, Pumpkin"
Khulna,Koira,Kharif,"Rice, Jute, Vegetables"
Khulna,Koira,Rabi,"Wheat, Mustard, Potatoes"
Khulna,Koira,Zaid,"Maize, Watermelon, Pumpkin"
Khulna,Paikgacha,Kharif,"Rice, Jute, Vegetables"
Khulna,Paikgacha,Rabi,"Wheat, Mustard, Potatoes"
Khulna,Paikgacha,Zaid,"Maize, Watermelon, Pumpkin"
Khulna,Phultala,Kharif,"Rice, Jute, Vegetables"
Khulna,Phultala,Rabi,"Wheat, Mustard, Potatoes"
Khulna,Phultala,Zaid,"Maize, Watermelon, Pumpkin"
Khulna,Rupsa,Kharif,"Rice, Jute, Vegetables"
Khulna,Rupsa,Rabi,"Wheat, Mustard, Potatoes"
Khulna,Rupsa,Zaid,"Maize, Watermelon, Pumpkin"
Khulna,Terokhada,Kharif,"Rice, Jute, Vegetables"
Khulna,Terokhada,Rabi,"Wheat, Mustard, Potatoes"
Khulna,Terokhada,Zaid,"Maize, Watermelon, Pumpkin"
Kushtia,Bheramara,Kharif,"Rice, Jute, Vegetables"
Kushtia,Bheramara,Rabi,"Wheat, Mustard, Potatoes"
Kushtia,Bheramara,Zaid,"Maize, Watermelon, Pumpkin"
Kushtia,Daulatpur,Kharif,"Rice, Jute, Vegetables"
Kushtia,Daulatpur,Rabi,"Wheat, Mustard, Potatoes"
Kushtia,Daulatpur,Zaid,"Maize, Watermelon, Pumpkin"
Kushtia,Khoksha,Kharif,"Rice, Jute, Vegetables"
Kushtia,Khoksha,Rabi,"Wheat, Mustard, Potatoes"
Kushtia,Khoksha,Zaid,"Maize, Watermelon, Pumpkin"
Kushtia,Kumarkhali,Kharif,"Rice, Jute, Vegetables"
Kushtia,Kumarkhali,Rabi,"Wheat, Mustard, Potatoes"
Kushtia,Kumarkhali,Zaid,"Maize, Watermelon, Pumpkin"
Kushtia,Kushtia-S,Kharif,"Rice, Jute, Vegetables"
Kushtia,Kushtia-S,Rabi,"Wheat, Mustard, Potatoes"
Kushtia,Kushtia-S,Zaid,"Maize, Watermelon, Pumpkin"
Kushtia,Mirpur,Kharif,"Rice, Jute, Vegetables"
Kushtia,Mirpur,Rabi,"Wheat, Mustard, Potatoes"
Kushtia,Mirpur,Zaid,"Maize, Watermelon, Pumpkin"
Magura,Magura-S,Kharif,"Rice, Jute, Vegetables"
Magura,Magura-S,Rabi,"Wheat, Mustard, Potatoes"
Magura,Magura-S,Zaid,"Maize, Watermelon, Pumpkin"
Magura,Mohammadpur,Kharif,"Rice, Jute, Vegetables"
Magura,Mohammadpur,Rabi,"Wheat, Mustard, Potatoes"
Magura,Mohammadpur,Zaid,"Maize, Watermelon, Pumpkin"
Magura,Salikha,Kharif,"Rice, Jute, Vegetables"
Magura,Salikha,Rabi,"Wheat, Mustard, Potatoes"
Magura,Salikha,Zaid,"Maize, Watermelon, Pumpkin"
Magura,Sreepur,Kharif,"Rice, Jute, Vegetables"
Magura,Sreepur,Rabi,"Wheat, Mustard, Potatoes"
Magura,Sreepur,Zaid,"Maize, Watermelon, Pumpkin"
Meherpur,Gangni,Kharif,"Rice, Jute, Vegetables"
Meherpur,Gangni,Rabi,"Wheat, Mustard, Potatoes"
Meherpur,Gangni,Zaid,"Maize, Watermelon, Pumpkin"
Meherpur,Meherpur-S,Kharif,"Rice, Jute, Vegetables"
Meherpur,Meherpur-S,Rabi,"Wheat, Mustard, Potatoes"
Meherpur,Meherpur-S,Zaid,"Maize, Watermelon, Pumpkin"
Meherpur,Mujib Nagar,Kharif,"Rice, Jute, Vegetables"
Meherpur,Mujib Nagar,Rabi,"Wheat, Mustard, Potatoes"
Meherpur,Mujib Nagar,Zaid,"Maize, Watermelon, Pumpkin"
Narail,Kalia,Kharif,"Rice, Jute, Vegetables"
Narail,Kalia,Rabi,"Wheat, Mustard, Potatoes"
Narail,Kalia,Zaid,"Maize, Watermelon, Pumpkin"
Narail,Lohagara,Kharif,"Rice, Jute, Vegetables"
Narail,Lohagara,Rabi,"Wheat, Mustard, Potatoes"
Narail,Lohagara,Zaid,"Maize, Watermelon, Pumpkin"
Narail,Narail-S,Kharif,"Rice, Jute, Vegetables"
Narail,Narail-S,Rabi,"Wheat, Mustard, Potatoes"
Narail,Narail-S,Zaid,"Maize, Watermelon, Pumpkin"
Narail,Assasuni,Kharif,"Rice, Jute, Vegetables"
Narail,Assasuni,Rabi,"Wheat, Mustard, Potatoes"
Narail,Assasuni,Zaid,"Maize, Watermelon, Pumpkin"
Narail,Debhata,Kharif,"Rice, Jute, Vegetables"
Narail,Debhata,Rabi,"Wheat, Mustard, Potatoes"
Narail,Debhata,Zaid,"Maize, Watermelon, Pumpkin"
Narail,Kalaroa,Kharif,"Rice, Jute, Vegetables"
Narail,Kalaroa,Rabi,"Wheat, Mustard, Potatoes"
Narail,Kalaroa,Zaid,"Maize, Watermelon, Pumpkin"
Satkhira,Kaliganj,Kharif,"Rice, Jute, Vegetables"
Satkhira,Kaliganj,Rabi,"Wheat, Mustard, Potatoes"
Satkhira,Kaliganj,Zaid,"Maize, Watermelon, Pumpkin"
Satkhira,Satkhira-S,Kharif,"Rice, Jute, Vegetables"
Satkhira,Satkhira-S,Rabi,"Wheat, Mustard, Potatoes"
Satkhira,Satkhira-S,Zaid,"Maize, Watermelon, Pumpkin"
Satkhira,Shyamnagar,Kharif,"Rice, Jute, Vegetables"
Satkhira,Shyamnagar,Rabi,"Wheat, Mustard, Potatoes"
Satkhira,Shyamnagar,Zaid,"Maize, Watermelon, Pumpkin"
Satkhira,Tala,Kharif,"Rice, Jute, Vegetables"
Satkhira,Tala,Rabi,"Wheat, Mustard, Potatoes"
Satkhira,Tala,Zaid,"Maize, Watermelon, Pumpkin"
Jamalpur,Bakshiganj,Kharif,"Rice, Jute, Vegetables"
Jamalpur,Bakshiganj,Rabi,"Wheat, Mustard, Potatoes"
Jamalpur,Bakshiganj,Zaid,"Maize, Watermelon, Pumpkin"
Jamalpur,Dewanganj,Kharif,"Rice, Jute, Vegetables"
Jamalpur,Dewanganj,Rabi,"Wheat, Mustard, Potatoes"
Jamalpur,Dewanganj,Zaid,"Maize, Watermelon, Pumpkin"
Jamalpur,Islampur,Kharif,"Rice, Jute, Vegetables"
Jamalpur,Islampur,Rabi,"Wheat, Mustard, Potatoes"
Jamalpur,Islampur,Zaid,"Maize, Watermelon, Pumpkin"
Jamalpur,Jamalpur-S,Kharif,"Rice, Jute, Vegetables"
Jamalpur,Jamalpur-S,Rabi,"Wheat, Mustard, Potatoes"
Jamalpur,Jamalpur-S,Zaid,"Maize, Watermelon, Pumpkin"
Jamalpur,Madarganj,Kharif,"Rice, Jute, Vegetables"
Jamalpur,Madarganj,Rabi,"Wheat, Mustard, Potatoes"
Jamalpur,Madarganj,Zaid,"Maize, Watermelon, Pumpkin"
Jamalpur,Melendah,Kharif,"Rice, Jute, Vegetables"
Jamalpur,Melendah,Rabi,"Wheat, Mustard, Potatoes"
Jamalpur,Melendah,Zaid,"Maize, Watermelon, Pumpkin"
Jamalpur,Sarishabari,Kharif,"Rice, Jute, Vegetables"
Jamalpur,Sarishabari,Rabi,"Wheat, Mustard, Potatoes"
Jamalpur,Sarishabari,Zaid,"Maize, Watermelon, Pumpkin"
Mymensingh,Bhaluka,Kharif,"Rice, Jute, Vegetables"
Mymensingh,Bhaluka,Rabi,"Wheat, Mustard, Potatoes"
Mymensingh,Bhaluka,Zaid,"Maize, Watermelon, Pumpkin"
Mymensingh,Dhobaura,Kharif,"Rice, Jute, Vegetables"
Mymensingh,Dhobaura,Rabi,"Wheat, Mustard, Potatoes"
Mymensingh,Dhobaura,Zaid,"Maize, Watermelon, Pumpkin"
Mymensingh,Fulbaria,Kharif,"Rice, Jute, Vegetables"
Mymensingh,Fulbaria,Rabi,"Wheat, Mustard, Potatoes"
Mymensingh,Fulbaria,Zaid,"Maize, Watermelon, Pumpkin"
Mymensingh,Gaffargaon,Kharif,"Rice, Jute, Vegetables"
Mymensingh,Gaffargaon,Rabi,"Wheat, Mustard, Potatoes"
Mymensingh,Gaffargaon,Zaid,"Maize, Watermelon, Pumpkin"
Mymensingh,Gouripur,Kharif,"Rice, Jute, Vegetables"
Mymensingh,Gouripur,Rabi,"Wheat, Mustard, Potatoes"
Mymensingh,Gouripur,Zaid,"Maize, Watermelon, Pumpkin"
Mymensingh,Haluaghat,Kharif,"Rice, Jute, Vegetables"
Mymensingh,Haluaghat,Rabi,"Wheat, Mustard, Potatoes"
Mymensingh,Haluaghat,Zaid,"Maize, Watermelon, Pumpkin"
Mymensingh,Ishwarganj,Kharif,"Rice, Jute, Vegetables"
Mymensingh,Ishwarganj,Rabi,"Wheat, Mustard, Potatoes"
Mymensingh,Ishwarganj,Zaid,"Maize, Watermelon, Pumpkin"
Mymensingh,Muktagacha,Kharif,"Rice, Jute, Vegetables"
Mymensingh,Muktagacha,Rabi,"Wheat, Mustard, Potatoes"
Mymensingh,Muktagacha,Zaid,"Maize, Watermelon, Pumpkin"
Mymensingh,Mymensingh-S,Kharif,"Rice, Jute, Vegetables"
Mymensingh,Mymensingh-S,Rabi,"Wheat, Mustard, Potatoes"
Mymensingh,Mymensingh-S,Zaid,"Maize, Watermelon, Pumpkin"
Mymensingh,Nandail,Kharif,"Rice, Jute, Vegetables"
Mymensingh,Nandail,Rabi,"Wheat, Mustard, Potatoes"
Mymensingh,Nandail,Zaid,"Maize, Watermelon, Pumpkin"
Mymensingh,Phulpur,Kharif,"Rice, Jute, Vegetables"
Mymensingh,Phulpur,Rabi,"Wheat, Mustard, Potatoes"
Mymensingh,Phulpur,Zaid,"Maize, Watermelon, Pumpkin"
Mymensingh,Tarakanda,Kharif,"Rice, Jute, Vegetables"
Mymensingh,Tarakanda,Rabi,"Wheat, Mustard, Potatoes"
Mymensingh,Tarakanda,Zaid,"Maize, Watermelon, Pumpkin"
Mymensingh,Trishal,Kharif,"Rice, Jute, Vegetables"
Mymensingh,Trishal,Rabi,"Wheat, Mustard, Potatoes"
Mymensingh,Trishal,Zaid,"Maize, Watermelon, Pumpkin"
Netrokona,Atpara,Kharif,"Rice, Jute, Vegetables"
Netrokona,Atpara,Rabi,"Wheat, Mustard, Potatoes"
Netrokona,Atpara,Zaid,"Maize, Watermelon, Pumpkin"
Netrokona,Barhatta,Kharif,"Rice, Jute, Vegetables"
Netrokona,Barhatta,Rabi,"Wheat, Mustard, Potatoes"
Netrokona,Barhatta,Zaid,"Maize, Watermelon, Pumpkin"
Netrokona,Durgapur,Kharif,"Rice, Jute, Vegetables"
Netrokona,Durgapur,Rabi,"Wheat, Mustard, Potatoes"
Netrokona,Durgapur,Zaid,"Maize, Watermelon, Pumpkin"
Netrokona,Kalmakanda,Kharif,"Rice, Jute, Vegetables"
Netrokona,Kalmakanda,Rabi,"Wheat, Mustard, Potatoes"
Netrokona,Kalmakanda,Zaid,"Maize, Watermelon, Pumpkin"
Netrokona,Kendua,Kharif,"Rice, Jute, Vegetables"
Netrokona,Kendua,Rabi,"Wheat, Mustard, Potatoes"
Netrokona,Kendua,Zaid,"Maize, Watermelon, Pumpkin"
Netrokona,Khaliajuri,Kharif,"Rice, Jute, Vegetables"
Netrokona,Khaliajuri,Rabi,"Wheat, Mustard, Potatoes"
Netrokona,Khaliajuri,Zaid,"Maize, Watermelon, Pumpkin"
Netrokona,Madan,Kharif,"Rice, Jute, Vegetables"
Netrokona,Madan,Rabi,"Wheat, Mustard, Potatoes"
Netrokona,Madan,Zaid,"Maize, Watermelon, Pumpkin"
Netrokona,Mohanganj,Kharif,"Rice, Jute, Vegetables"
Netrokona,Mohanganj,Rabi,"Wheat, Mustard, Potatoes"
Netrokona,Mohanganj,Zaid,"Maize, Watermelon, Pumpkin"
Netrokona,Netrakona-S,Kharif,"Rice, Jute, Vegetables"
Netrokona,Netrakona-S,Rabi,"Wheat, Mustard, Potatoes"
Netrokona,Netrakona-S,Zaid,"Maize, Watermelon, Pumpkin"
Netrokona,Purbadhala,Kharif,"Rice, Jute, Vegetables"
Netrokona,Purbadhala,Rabi,"Wheat, Mustard, Potatoes"
Netrokona,Purbadhala,Zaid,"Maize, Watermelon, Pumpkin"
Netrokona,Jhenaigati,Kharif,"Rice, Jute, Vegetables"
Netrokona,Jhenaigati,Rabi,"Wheat, Mustard, Potatoes"
Netrokona,Jhenaigati,Zaid,"Maize, Watermelon, Pumpkin"
Netrokona,Nakla,Kharif,"Rice, Jute, Vegetables"
Netrokona,Nakla,Rabi,"Wheat, Mustard, Potatoes"
Netrokona,Nakla,Zaid,"Maize, Watermelon, Pumpkin"
Sherpur,Nalitabari,Kharif,"Rice, Jute, Vegetables"
Sherpur,Nalitabari,Rabi,"Wheat, Mustard, Potatoes"
Sherpur,Nalitabari,Zaid,"Maize, Watermelon, Pumpkin"
Sherpur,Sherpur-S,Kharif,"Rice, Jute, Vegetables"
Sherpur,Sherpur-S,Rabi,"Wheat, Mustard, Potatoes"
Sherpur,Sherpur-S,Zaid,"Maize, Watermelon, Pumpkin"
Sherpur,Sreebordi,Kharif,"Rice, Jute, Vegetables"
Sherpur,Sreebordi,Rabi,"Wheat, Mustard, Potatoes"
Sherpur,Sreebordi,Zaid,"Maize, Watermelon, Pumpkin"
Bogura,Adamdighi,Kharif,"Rice, Jute, Vegetables"
Bogura,Adamdighi,Rabi,"Wheat, Mustard, Potatoes"
Bogura,Adamdighi,Zaid,"Maize, Watermelon, Pumpkin"
Bogura,Bogura-S,Kharif,"Rice, Jute, Vegetables"
Bogura,Bogura-S,Rabi,"Wheat, Mustard, Potatoes"
Bogura,Bogura-S,Zaid,"Maize, Watermelon, Pumpkin"
Bogura,Dhunot,Kharif,"Rice, Jute, Vegetables"
Bogura,Dhunot,Rabi,"Wheat, Mustard, Potatoes"
Bogura,Dhunot,Zaid,"Maize, Watermelon, Pumpkin"
Bogura,Dhupchancia,Kharif,"Rice, Jute, Vegetables"
Bogura,Dhupchancia,Rabi,"Wheat, Mustard, Potatoes"
Bogura,Dhupchancia,Zaid,"Maize, Watermelon, Pumpkin"
Bogura,Gabtali,Kharif,"Rice, Jute, Vegetables"
Bogura,Gabtali,Rabi,"Wheat, Mustard, Potatoes"
Bogura,Gabtali,Zaid,"Maize, Watermelon, Pumpkin"
Bogura,Kahaloo,Kharif,"Rice, Jute, Vegetables"
Bogura,Kahaloo,Rabi,"Wheat, Mustard, Potatoes"
Bogura,Kahaloo,Zaid,"Maize, Watermelon, Pumpkin"
Bogura,Nandigram,Kharif,"Rice, Jute, Vegetables"
Bogura,Nandigram,Rabi,"Wheat, Mustard, Potatoes"
Bogura,Nandigram,Zaid,"Maize, Watermelon, Pumpkin"
Bogura,Sariakandi,Kharif,"Rice, Jute, Vegetables"
Bogura,Sariakandi,Rabi,"Wheat, Mustard, Potatoes"
Bogura,Sariakandi,Zaid,"Maize, Watermelon, Pumpkin"
Bogura,Shajahanpur,Kharif,"Rice, Jute, Vegetables"
Bogura,Shajahanpur,Rabi,"Wheat, Mustard, Potatoes"
Bogura,Shajahanpur,Zaid,"Maize, Watermelon, Pumpkin"
Bogura,Sherpur,Kharif,"Rice, Jute, Vegetables"
Bogura,Sherpur,Rabi,"Wheat, Mustard, Potatoes"
Bogura,Sherpur,Zaid,"Maize, Watermelon, Pumpkin"
Bogura,Shibganj,Kharif,"Rice, Jute, Vegetables"
Bogura,Shibganj,Rabi,"Wheat, Mustard, Potatoes"
Bogura,Shibganj,Zaid,"Maize, Watermelon, Pumpkin"
Bogura,Sonatala,Kharif,"Rice, Jute, Vegetables"
Bogura,Sonatala,Rabi,"Wheat, Mustard, Potatoes"
Bogura,Sonatala,Zaid,"Maize, Watermelon, Pumpkin"
C. nawabganj,Bholahat,Kharif,"Rice, Jute, Vegetables"
C. nawabganj,Bholahat,Rabi,"Wheat, Mustard, Potatoes"
C. nawabganj,Bholahat,Zaid,"Maize, Watermelon, Pumpkin"
C. nawabganj,Gomostapur,Kharif,"Rice, Jute, Vegetables"
C. nawabganj,Gomostapur,Rabi,"Wheat, Mustard, Potatoes"
C. nawabganj,Gomostapur,Zaid,"Maize, Watermelon, Pumpkin"
C. nawabganj,Nachol,Kharif,"Rice, Jute, Vegetables"
C. nawabganj,Nachol,Rabi,"Wheat, Mustard, Potatoes"
C. nawabganj,Nachol,Zaid,"Maize, Watermelon, Pumpkin"
C. nawabganj,Nawabganj-S,Kharif,"Rice, Jute, Vegetables"
C. nawabganj,Nawabganj-S,Rabi,"Wheat, Mustard, Potatoes"
C. nawabganj,Nawabganj-S,Zaid,"Maize, Watermelon, Pumpkin"
C. nawabganj,Shibganj,Kharif,"Rice, Jute, Vegetables"
C. nawabganj,Shibganj,Rabi,"Wheat, Mustard, Potatoes"
C. nawabganj,Shibganj,Zaid,"Maize, Watermelon, Pumpkin"
Joypurhat,Akkelpur,Kharif,"Rice, Jute, Vegetables"
Joypurhat,Akkelpur,Rabi,"Wheat, Mustard, Potatoes"
Joypurhat,Akkelpur,Zaid,"Maize, Watermelon, Pumpkin"
Joypurhat,Joypurhat-S,Kharif,"Rice, Jute, Vegetables"
Joypurhat,Joypurhat-S,Rabi,"Wheat, Mustard, Potatoes"
Joypurhat,Joypurhat-S,Zaid,"Maize, Watermelon, Pumpkin"
Joypurhat,Kalai,Kharif,"Rice, Jute, Vegetables"
Joypurhat,Kalai,Rabi,"Wheat, Mustard, Potatoes"
Joypurhat,Kalai,Zaid,"Maize, Watermelon, Pumpkin"
Joypurhat,Khetlal,Kharif,"Rice, Jute, Vegetables"
Joypurhat,Khetlal,Rabi,"Wheat, Mustard, Potatoes"
Joypurhat,Khetlal,Zaid,"Maize, Watermelon, Pumpkin"
Joypurhat,Panchbibi,Kharif,"Rice, Jute, Vegetables"
Joypurhat,Panchbibi,Rabi,"Wheat, Mustard, Potatoes"
Joypurhat,Panchbibi,Zaid,"Maize, Watermelon, Pumpkin"
Naogaon,Atrai,Kharif,"Rice, Jute, Vegetables"
Naogaon,Atrai,Rabi,"Wheat, Mustard, Potatoes"
Naogaon,Atrai,Zaid,"Maize, Watermelon, Pumpkin"
Naogaon,Badalgachi,Kharif,"Rice, Jute, Vegetables"
Naogaon,Badalgachi,Rabi,"Wheat, Mustard, Potatoes"
Naogaon,Badalgachi,Zaid,"Maize, Watermelon, Pumpkin"
Naogaon,Dhamoirhat,Kharif,"Rice, Jute, Vegetables"
Naogaon,Dhamoirhat,Rabi,"Wheat, Mustard, Potatoes"
Naogaon,Dhamoirhat,Zaid,"Maize, Watermelon, Pumpkin"
Naogaon,Manda,Kharif,"Rice, Jute, Vegetables"
Naogaon,Manda,Rabi,"Wheat, Mustard, Potatoes"
Naogaon,Manda,Zaid,"Maize, Watermelon, Pumpkin"
Naogaon,Mohadevpur,Kharif,"Rice, Jute, Vegetables"
Naogaon,Mohadevpur,Rabi,"Wheat, Mustard, Potatoes"
Naogaon,Mohadevpur,Zaid,"Maize, Watermelon, Pumpkin"
Naogaon,Naogaon-S,Kharif,"Rice, Jute, Vegetables"
Naogaon,Naogaon-S,Rabi,"Wheat, Mustard, Potatoes"
Naogaon,Naogaon-S,Zaid,"Maize, Watermelon, Pumpkin"
Naogaon,Niamatpur,Kharif,"Rice, Jute, Vegetables"
Naogaon,Niamatpur,Rabi,"Wheat, Mustard, Potatoes"
Naogaon,Niamatpur,Zaid,"Maize, Watermelon, Pumpkin"
Naogaon,Patnitala,Kharif,"Rice, Jute, Vegetables"
Naogaon,Patnitala,Rabi,"Wheat, Mustard, Potatoes"
Naogaon,Patnitala,Zaid,"Maize, Watermelon, Pumpkin"
Naogaon,Porsha,Kharif,"Rice, Jute, Vegetables"
Naogaon,Porsha,Rabi,"Wheat, Mustard, Potatoes"
Naogaon,Porsha,Zaid,"Maize, Watermelon, Pumpkin"
Naogaon,Raninagar,Kharif,"Rice, Jute, Vegetables"
Naogaon,Raninagar,Rabi,"Wheat, Mustard, Potatoes"
Naogaon,Raninagar,Zaid,"Maize, Watermelon, Pumpkin"
Naogaon,Shapahar,Kharif,"Rice, Jute, Vegetables"
Naogaon,Shapahar,Rabi,"Wheat, Mustard, Potatoes"
Naogaon,Shapahar,Zaid,"Maize, Watermelon, Pumpkin"
Natore,Bagatipara,Kharif,"Rice, Jute, Vegetables"
Natore,Bagatipara,Rabi,"Wheat, Mustard, Potatoes"
Natore,Bagatipara,Zaid,"Maize, Watermelon, Pumpkin"
Natore,Baraigram,Kharif,"Rice, Jute, Vegetables"
Natore,Baraigram,Rabi,"Wheat, Mustard, Potatoes"
Natore,Baraigram,Zaid,"Maize, Watermelon, Pumpkin"
Natore,Gurudaspur,Kharif,"Rice, Jute, Vegetables"
Natore,Gurudaspur,Rabi,"Wheat, Mustard, Potatoes"
Natore,Gurudaspur,Zaid,"Maize, Watermelon, Pumpkin"
Natore,Lalpur,Kharif,"Rice, Jute, Vegetables"
Natore,Lalpur,Rabi,"Wheat, Mustard, Potatoes"
Natore,Lalpur,Zaid,"Maize, Watermelon, Pumpkin"
Natore,Naldanga,Kharif,"Rice, Jute, Vegetables"
Natore,Naldanga,Rabi,"Wheat, Mustard, Potatoes"
Natore,Naldanga,Zaid,"Maize, Watermelon, Pumpkin"
Natore,Natore-S,Kharif,"Rice, Jute, Vegetables"
Natore,Natore-S,Rabi,"Wheat, Mustard, Potatoes"
Natore,Natore-S,Zaid,"Maize, Watermelon, Pumpkin"
Natore,Singra,Kharif,"Rice, Jute, Vegetables"
Natore,Singra,Rabi,"Wheat, Mustard, Potatoes"
Natore,Singra,Zaid,"Maize, Watermelon, Pumpkin"
Pabna,Atghoria,Kharif,"Rice, Jute, Vegetables"
Pabna,Atghoria,Rabi,"Wheat, Mustard, Potatoes"
Pabna,Atghoria,Zaid,"Maize, Watermelon, Pumpkin"
Pabna,Bera,Kharif,"Rice, Jute, Vegetables"
Pabna,Bera,Rabi,"Wheat, Mustard, Potatoes"
Pabna,Bera,Zaid,"Maize, Watermelon, Pumpkin"
Pabna,Bhangura,Kharif,"Rice, Jute, Vegetables"
Pabna,Bhangura,Rabi,"Wheat, Mustard, Potatoes"
Pabna,Bhangura,Zaid,"Maize, Watermelon, Pumpkin"
Pabna,Chatmohar,Kharif,"Rice, Jute, Vegetables"
Pabna,Chatmohar,Rabi,"Wheat, Mustard, Potatoes"
Pabna,Chatmohar,Zaid,"Maize, Watermelon, Pumpkin"
Pabna,Faridpur,Kharif,"Rice, Jute, Vegetables"
Pabna,Faridpur,Rabi,"Wheat, Mustard, Potatoes"
Pabna,Faridpur,Zaid,"Maize, Watermelon, Pumpkin"
Pabna,Ishwardi,Kharif,"Rice, Jute, Vegetables"
Pabna,Ishwardi,Rabi,"Wheat, Mustard, Potatoes"
Pabna,Ishwardi,Zaid,"Maize, Watermelon, Pumpkin"
Pabna,Pabna-S,Kharif,"Rice, Jute, Vegetables"
Pabna,Pabna-S,Rabi,"Wheat, Mustard, Potatoes"
Pabna,Pabna-S,Zaid,"Maize, Watermelon, Pumpkin"
Pabna,Santhia,Kharif,"Rice, Jute, Vegetables"
Pabna,Santhia,Rabi,"Wheat, Mustard, Potatoes"
Pabna,Santhia,Zaid,"Maize, Watermelon, Pumpkin"
Pabna,Sujanagar,Kharif,"Rice, Jute, Vegetables"
Pabna,Sujanagar,Rabi,"Wheat, Mustard, Potatoes"
Pabna,Sujanagar,Zaid,"Maize, Watermelon, Pumpkin"
Rajshahi,Bagha,Kharif,"Rice, Jute, Vegetables"
Rajshahi,Bagha,Rabi,"Wheat, Mustard, Potatoes"
Rajshahi,Bagha,Zaid,"Maize, Watermelon, Pumpkin"
Rajshahi,Bagmara,Kharif,"Rice, Jute, Vegetables"
Rajshahi,Bagmara,Rabi,"Wheat, Mustard, Potatoes"
Rajshahi,Bagmara,Zaid,"Maize, Watermelon, Pumpkin"
Rajshahi,Charghat,Kharif,"Rice, Jute, Vegetables"
Rajshahi,Charghat,Rabi,"Wheat, Mustard, Potatoes"
Rajshahi,Charghat,Zaid,"Maize, Watermelon, Pumpkin"
Rajshahi,Durgapur,Kharif,"Rice, Jute, Vegetables"
Rajshahi,Durgapur,Rabi,"Wheat, Mustard, Potatoes"
Rajshahi,Durgapur,Zaid,"Maize, Watermelon, Pumpkin"
Rajshahi,Godagari,Kharif,"Rice, Jute, Vegetables"
Rajshahi,Godagari,Rabi,"Wheat, Mustard, Potatoes"
Rajshahi,Godagari,Zaid,"Maize, Watermelon, Pumpkin"
Rajshahi,Mohanpur,Kharif,"Rice, Jute, Vegetables"
Rajshahi,Mohanpur,Rabi,"Wheat, Mustard, Potatoes"
Rajshahi,Mohanpur,Zaid,"Maize, Watermelon, Pumpkin"
Rajshahi,Paba,Kharif,"Rice, Jute, Vegetables"
Rajshahi,Paba,Rabi,"Wheat, Mustard, Potatoes"
Rajshahi,Paba,Zaid,"Maize, Watermelon, Pumpkin"
Rajshahi,Puthia,Kharif,"Rice, Jute, Vegetables"
Rajshahi,Puthia,Rabi,"Wheat, Mustard, Potatoes"
Rajshahi,Puthia,Zaid,"Maize, Watermelon, Pumpkin"
Rajshahi,Tanore,Kharif,"Rice, Jute, Vegetables"
Rajshahi,Tanore,Rabi,"Wheat, Mustard, Potatoes"
Rajshahi,Tanore,Zaid,"Maize, Watermelon, Pumpkin"
Sirajganj,Belkuchi,Kharif,"Rice, Jute, Vegetables"
Sirajganj,Belkuchi,Rabi,"Wheat, Mustard, Potatoes"
Sirajganj,Belkuchi,Zaid,"Maize, Watermelon, Pumpkin"
Sirajganj,Chowhali,Kharif,"Rice, Jute, Vegetables"
Sirajganj,Chowhali,Rabi,"Wheat, Mustard, Potatoes"
Sirajganj,Chowhali,Zaid,"Maize, Watermelon, Pumpkin"
Sirajganj,Kamarkhand,Kharif,"Rice, Jute, Vegetables"
Sirajganj,Kamarkhand,Rabi,"Wheat, Mustard, Potatoes"
Sirajganj,Kamarkhand,Zaid,"Maize, Watermelon, Pumpkin"
Sirajganj,Kazipur,Kharif,"Rice, Jute, Vegetables"
Sirajganj,Kazipur,Rabi,"Wheat, Mustard, Potatoes"
Sirajganj,Kazipur,Zaid,"Maize, Watermelon, Pumpkin"
Sirajganj,Raiganj,Kharif,"Rice, Jute, Vegetables"
Sirajganj,Raiganj,Rabi,"Wheat, Mustard, Potatoes"
Sirajganj,Raiganj,Zaid,"Maize, Watermelon, Pumpkin"
Sirajganj,Shahzadpur,Kharif,"Rice, Jute, Vegetables"
Sirajganj,Shahzadpur,Rabi,"Wheat, Mustard, Potatoes"
Sirajganj,Shahzadpur,Zaid,"Maize, Watermelon, Pumpkin"
Sirajganj,Sirajganj-S,Kharif,"Rice, Jute, Vegetables"
Sirajganj,Sirajganj-S,Rabi,"Wheat, Mustard, Potatoes"
Sirajganj,Sirajganj-S,Zaid,"Maize, Watermelon, Pumpkin"
Sirajganj,Tarash,Kharif,"Rice, Jute, Vegetables"
Sirajganj,Tarash,Rabi,"Wheat, Mustard, Potatoes"
Sirajganj,Tarash,Zaid,"Maize, Watermelon, Pumpkin"
Sirajganj,Ullapara,Kharif,"Rice, Jute, Vegetables"
Sirajganj,Ullapara,Rabi,"Wheat, Mustard, Potatoes"
Sirajganj,Ullapara,Zaid,"Maize, Watermelon, Pumpkin"
Sirajganj,Birampur,Kharif,"Rice, Jute, Vegetables"
Sirajganj,Birampur,Rabi,"Wheat, Mustard, Potatoes"
Sirajganj,Birampur,Zaid,"Maize, Watermelon, Pumpkin"
Sirajganj,Birganj,Kharif,"Rice, Jute, Vegetables"
Sirajganj,Birganj,Rabi,"Wheat, Mustard, Potatoes"
Sirajganj,Birganj,Zaid,"Maize, Watermelon, Pumpkin"
Dinajpur,Birol,Kharif,"Rice, Jute, Vegetables"
Dinajpur,Birol,Rabi,"Wheat, Mustard, Potatoes"
Dinajpur,Birol,Zaid,"Maize, Watermelon, Pumpkin"
Dinajpur,Bochaganj,Kharif,"Rice, Jute, Vegetables"
Dinajpur,Bochaganj,Rabi,"Wheat, Mustard, Potatoes"
Dinajpur,Bochaganj,Zaid,"Maize, Watermelon, Pumpkin"
Dinajpur,Chirirbandar,Kharif,"Rice, Jute, Vegetables"
Dinajpur,Chirirbandar,Rabi,"Wheat, Mustard, Potatoes"
Dinajpur,Chirirbandar,Zaid,"Maize, Watermelon, Pumpkin"
Dinajpur,Dinajpur-S,Kharif,"Rice, Jute, Vegetables"
Dinajpur,Dinajpur-S,Rabi,"Wheat, Mustard, Potatoes"
Dinajpur,Dinajpur-S,Zaid,"Maize, Watermelon, Pumpkin"
Dinajpur,Fulbari,Kharif,"Rice, Jute, Vegetables"
Dinajpur,Fulbari,Rabi,"Wheat, Mustard, Potatoes"
Dinajpur,Fulbari,Zaid,"Maize, Watermelon, Pumpkin"
Dinajpur,Ghoraghat,Kharif,"Rice, Jute, Vegetables"
Dinajpur,Ghoraghat,Rabi,"Wheat, Mustard, Potatoes"
Dinajpur,Ghoraghat,Zaid,"Maize, Watermelon, Pumpkin"
Dinajpur,Hakimpur,Kharif,"Rice, Jute, Vegetables"
Dinajpur,Hakimpur,Rabi,"Wheat, Mustard, Potatoes"
Dinajpur,Hakimpur,Zaid,"Maize, Watermelon, Pumpkin"
Dinajpur,Kaharol,Kharif,"Rice, Jute, Vegetables"
Dinajpur,Kaharol,Rabi,"Wheat, Mustard, Potatoes"
Dinajpur,Kaharol,Zaid,"Maize, Watermelon, Pumpkin"
Dinajpur,Khanshama,Kharif,"Rice, Jute, Vegetables"
Dinajpur,Khanshama,Rabi,"Wheat, Mustard, Potatoes"
Dinajpur,Khanshama,Zaid,"Maize, Watermelon, Pumpkin"
Dinajpur,Nawabganj,Kharif,"Rice, Jute, Vegetables"
Dinajpur,Nawabganj,Rabi,"Wheat, Mustard, Potatoes"
Dinajpur,Nawabganj,Zaid,"Maize, Watermelon, Pumpkin"
Dinajpur,Parbatipur,Kharif,"Rice, Jute, Vegetables"
Dinajpur,Parbatipur,Rabi,"Wheat, Mustard, Potatoes"
Dinajpur,Parbatipur,Zaid,"Maize, Watermelon, Pumpkin"
Gaibandha,Fulchari,Kharif,"Rice, Jute, Vegetables"
Gaibandha,Fulchari,Rabi,"Wheat, Mustard, Potatoes"
Gaibandha,Fulchari,Zaid,"Maize, Watermelon, Pumpkin"
Gaibandha,Gaibandha-S,Kharif,"Rice, Jute, Vegetables"
Gaibandha,Gaibandha-S,Rabi,"Wheat, Mustard, Potatoes"
Gaibandha,Gaibandha-S,Zaid,"Maize, Watermelon, Pumpkin"
Gaibandha,Gobindaganj,Kharif,"Rice, Jute, Vegetables"
Gaibandha,Gobindaganj,Rabi,"Wheat, Mustard, Potatoes"
Gaibandha,Gobindaganj,Zaid,"Maize, Watermelon, Pumpkin"
Gaibandha,Palashbari,Kharif,"Rice, Jute, Vegetables"
Gaibandha,Palashbari,Rabi,"Wheat, Mustard, Potatoes"
Gaibandha,Palashbari,Zaid,"Maize, Watermelon, Pumpkin"
Gaibandha,Sadullapur,Kharif,"Rice, Jute, Vegetables"
Gaibandha,Sadullapur,Rabi,"Wheat, Mustard, Potatoes"
Gaibandha,Sadullapur,Zaid,"Maize, Watermelon, Pumpkin"
Gaibandha,Saghata,Kharif,"Rice, Jute, Vegetables"
Gaibandha,Saghata,Rabi,"Wheat, Mustard, Potatoes"
Gaibandha,Saghata,Zaid,"Maize, Watermelon, Pumpkin"
Gaibandha,Sundarganj,Kharif,"Rice, Jute, Vegetables"
Gaibandha,Sundarganj,Rabi,"Wheat, Mustard, Potatoes"
Gaibandha,Sundarganj,Zaid,"Maize, Watermelon, Pumpkin"
Kurigram,Bhurungamari,Kharif,"Rice, Jute, Vegetables"
Kurigram,Bhurungamari,Rabi,"Wheat, Mustard, Potatoes"
Kurigram,Bhurungamari,Zaid,"Maize, Watermelon, Pumpkin"
Kurigram,Chilmari,Kharif,"Rice, Jute, Vegetables"
Kurigram,Chilmari,Rabi,"Wheat, Mustard, Potatoes"
Kurigram,Chilmari,Zaid,"Maize, Watermelon, Pumpkin"
Kurigram,Fulbari,Kharif,"Rice, Jute, Vegetables"
Kurigram,Fulbari,Rabi,"Wheat, Mustard, Potatoes"
Kurigram,Fulbari,Zaid,"Maize, Watermelon, Pumpkin"
Kurigram,Kurigram-S,Kharif,"Rice, Jute, Vegetables"
Kurigram,Kurigram-S,Rabi,"Wheat, Mustard, Potatoes"
Kurigram,Kurigram-S,Zaid,"Maize, Watermelon, Pumpkin"
Kurigram,Nageswari,Kharif,"Rice, Jute, Vegetables"
Kurigram,Nageswari,Rabi,"Wheat, Mustard, Potatoes"
Kurigram,Nageswari,Zaid,"Maize, Watermelon, Pumpkin"
Kurigram,Rajarhat,Kharif,"Rice, Jute, Vegetables"
Kurigram,Rajarhat,Rabi,"Wheat, Mustard, Potatoes"
Kurigram,Rajarhat,Zaid,"Maize, Watermelon, Pumpkin"
Kurigram,Rajibpur,Kharif,"Rice, Jute, Vegetables"
Kurigram,Rajibpur,Rabi,"Wheat, Mustard, Potatoes"
Kurigram,Rajibpur,Zaid,"Maize, Watermelon, Pumpkin"
Kurigram,Rowmari,Kharif,"Rice, Jute, Vegetables"
Kurigram,Rowmari,Rabi,"Wheat, Mustard, Potatoes"
Kurigram,Rowmari,Zaid,"Maize, Watermelon, Pumpkin"
Kurigram,Ulipur,Kharif,"Rice, Jute, Vegetables"
Kurigram,Ulipur,Rabi,"Wheat, Mustard, Potatoes"
Kurigram,Ulipur,Zaid,"Maize, Watermelon, Pumpkin"
Lalmonirhat,Aditmari,Kharif,"Rice, Jute, Vegetables"
Lalmonirhat,Aditmari,Rabi,"Wheat, Mustard, Potatoes"
Lalmonirhat,Aditmari,Zaid,"Maize, Watermelon, Pumpkin"
Lalmonirhat,Hatibandha,Kharif,"Rice, Jute, Vegetables"
Lalmonirhat,Hatibandha,Rabi,"Wheat, Mustard, Potatoes"
Lalmonirhat,Hatibandha,Zaid,"Maize, Watermelon, Pumpkin"
Lalmonirhat,Kaliganj,Kharif,"Rice, Jute, Vegetables"
Lalmonirhat,Kaliganj,Rabi,"Wheat, Mustard, Potatoes"
Lalmonirhat,Kaliganj,Zaid,"Maize, Watermelon, Pumpkin"
Lalmonirhat,Lalmonirhat-S,Kharif,"Rice, Jute, Vegetables"
Lalmonirhat,Lalmonirhat-S,Rabi,"Wheat, Mustard, Potatoes"
Lalmonirhat,Lalmonirhat-S,Zaid,"Maize, Watermelon, Pumpkin"
Lalmonirhat,Patgram,Kharif,"Rice, Jute, Vegetables"
Lalmonirhat,Patgram,Rabi,"Wheat, Mustard, Potatoes"
Lalmonirhat,Patgram,Zaid,"Maize, Watermelon, Pumpkin"
Nilphamari,Dimla,Kharif,"Rice, Jute, Vegetables"
Nilphamari,Dimla,Rabi,"Wheat, Mustard, Potatoes"
Nilphamari,Dimla,Zaid,"Maize, Watermelon, Pumpkin"
Nilphamari,Domar,Kharif,"Rice, Jute, Vegetables"
Nilphamari,Domar,Rabi,"Wheat, Mustard, Potatoes"
Nilphamari,Domar,Zaid,"Maize, Watermelon, Pumpkin"
Nilphamari,Jaldhaka,Kharif,"Rice, Jute, Vegetables"
Nilphamari,Jaldhaka,Rabi,"Wheat, Mustard, Potatoes"
Nilphamari,Jaldhaka,Zaid,"Maize, Watermelon, Pumpkin"
Nilphamari,Kishoreganj,Kharif,"Rice, Jute, Vegetables"
Nilphamari,Kishoreganj,Rabi,"Wheat, Mustard, Potatoes"
Nilphamari,Kishoreganj,Zaid,"Maize, Watermelon, Pumpkin"
Nilphamari,Nilphamari-S,Kharif,"Rice, Jute, Vegetables"
Nilphamari,Nilphamari-S,Rabi,"Wheat, Mustard, Potatoes"
Nilphamari,Nilphamari-S,Zaid,"Maize, Watermelon, Pumpkin"
Nilphamari,Sayedpur,Kharif,"Rice, Jute, Vegetables"
Nilphamari,Sayedpur,Rabi,"Wheat, Mustard, Potatoes"
Nilphamari,Sayedpur,Zaid,"Maize, Watermelon, Pumpkin"
Panchagarh,Atwari,Kharif,"Rice, Jute, Vegetables"
Panchagarh,Atwari,Rabi,"Wheat, Mustard, Potatoes"
Panchagarh,Atwari,Zaid,"Maize, Watermelon, Pumpkin"
Panchagarh,Boda,Kharif,"Rice, Jute, Vegetables"
Panchagarh,Boda,Rabi,"Wheat, Mustard, Potatoes"
Panchagarh,Boda,Zaid,"Maize, Watermelon, Pumpkin"
Panchagarh,Debiganj,Kharif,"Rice, Jute, Vegetables"
Panchagarh,Debiganj,Rabi,"Wheat, Mustard, Potatoes"
Panchagarh,Debiganj,Zaid,"Maize, Watermelon, Pumpkin"
Panchagarh,Panchagarh-S,Kharif,"Rice, Jute, Vegetables"
Panchagarh,Panchagarh-S,Rabi,"Wheat, Mustard, Potatoes"
Panchagarh,Panchagarh-S,Zaid,"Maize, Watermelon, Pumpkin"
Panchagarh,Tetulia,Kharif,"Rice, Jute, Vegetables"
Panchagarh,Tetulia,Rabi,"Wheat, Mustard, Potatoes"
Panchagarh,Tetulia,Zaid,"Maize, Watermelon, Pumpkin"
Rangpur,Badarganj,Kharif,"Rice, Jute, Vegetables"
Rangpur,Badarganj,Rabi,"Wheat, Mustard, Potatoes"
Rangpur,Badarganj,Zaid,"Maize, Watermelon, Pumpkin"
Rangpur,Gangachara,Kharif,"Rice, Jute, Vegetables"
Rangpur,Gangachara,Rabi,"Wheat, Mustard, Potatoes"
Rangpur,Gangachara,Zaid,"Maize, Watermelon, Pumpkin"
Rangpur,Kaunia,Kharif,"Rice, Jute, Vegetables"
Rangpur,Kaunia,Rabi,"Wheat, Mustard, Potatoes"
Rangpur,Kaunia,Zaid,"Maize, Watermelon, Pumpkin"
Rangpur,Mithapukur,Kharif,"Rice, Jute, Vegetables"
Rangpur,Mithapukur,Rabi,"Wheat, Mustard, Potatoes"
Rangpur,Mithapukur,Zaid,"Maize, Watermelon, Pumpkin"
Rangpur,Pirgacha,Kharif,"Rice, Jute, Vegetables"
Rangpur,Pirgacha,Rabi,"Wheat, Mustard, Potatoes"
Rangpur,Pirgacha,Zaid,"Maize, Watermelon, Pumpkin"
Rangpur,Pirganj,Kharif,"Rice, Jute, Vegetables"
Rangpur,Pirganj,Rabi,"Wheat, Mustard, Potatoes"
Rangpur,Pirganj,Zaid,"Maize, Watermelon, Pumpkin"
Rangpur,Rangpur-S,Kharif,"Rice, Jute, Vegetables"
Rangpur,Rangpur-S,Rabi,"Wheat, Mustard, Potatoes"
Rangpur,Rangpur-S,Zaid,"Maize, Watermelon, Pumpkin"
Rangpur,Taraganj,Kharif,"Rice, Jute, Vegetables"
Rangpur,Taraganj,Rabi,"Wheat, Mustard, Potatoes"
Rangpur,Taraganj,Zaid,"Maize, Watermelon, Pumpkin"
Thakurgaon,Baliadangi,Kharif,"Rice, Jute, Vegetables"
Thakurgaon,Baliadangi,Rabi,"Wheat, Mustard, Potatoes"
Thakurgaon,Baliadangi,Zaid,"Maize, Watermelon, Pumpkin"
Thakurgaon,Haripur,Kharif,"Rice, Jute, Vegetables"
Thakurgaon,Haripur,Rabi,"Wheat, Mustard, Potatoes"
Thakurgaon,Haripur,Zaid,"Maize, Watermelon, Pumpkin"
Thakurgaon,Pirganj,Kharif,"Rice, Jute, Vegetables"
Thakurgaon,Pirganj,Rabi,"Wheat, Mustard, Potatoes"
Thakurgaon,Pirganj,Zaid,"Maize, Watermelon, Pumpkin"
Thakurgaon,Ranisankail,Kharif,"Rice, Jute, Vegetables"
Thakurgaon,Ranisankail,Rabi,"Wheat, Mustard, Potatoes"
Thakurgaon,Ranisankail,Zaid,"Maize, Watermelon, Pumpkin"
Thakurgaon,Thakurgaon-S,Kharif,"Rice, Jute, Vegetables"
Thakurgaon,Thakurgaon-S,Rabi,"Wheat, Mustard, Potatoes"
Thakurgaon,Thakurgaon-S,Zaid,"Maize, Watermelon, Pumpkin"
Habiganj,Azmiriganj,Kharif,"Rice, Jute, Vegetables"
Habiganj,Azmiriganj,Rabi,"Wheat, Mustard, Potatoes"
Habiganj,Azmiriganj,Zaid,"Maize, Watermelon, Pumpkin"
Habiganj,Bahubal,Kharif,"Rice, Jute, Vegetables"
Habiganj,Bahubal,Rabi,"Wheat, Mustard, Potatoes"
Habiganj,Bahubal,Zaid,"Maize, Watermelon, Pumpkin"
Habiganj,Baniachong,Kharif,"Rice, Jute, Vegetables"
Habiganj,Baniachong,Rabi,"Wheat, Mustard, Potatoes"
Habiganj,Baniachong,Zaid,"Maize, Watermelon, Pumpkin"
Habiganj,Chunarughat,Kharif,"Rice, Jute, Vegetables"
Habiganj,Chunarughat,Rabi,"Wheat, Mustard, Potatoes"
Habiganj,Chunarughat,Zaid,"Maize, Watermelon, Pumpkin"
Habiganj,Habiganj-S,Kharif,"Rice, Jute, Vegetables"
Habiganj,Habiganj-S,Rabi,"Wheat, Mustard, Potatoes"
Habiganj,Habiganj-S,Zaid,"Maize, Watermelon, Pumpkin"
Habiganj,Lakhai,Kharif,"Rice, Jute, Vegetables"
Habiganj,Lakhai,Rabi,"Wheat, Mustard, Potatoes"
Habiganj,Lakhai,Zaid,"Maize, Watermelon, Pumpkin"
Habiganj,Madhabpur,Kharif,"Rice, Jute, Vegetables"
Habiganj,Madhabpur,Rabi,"Wheat, Mustard, Potatoes"
Habiganj,Madhabpur,Zaid,"Maize, Watermelon, Pumpkin"
Habiganj,Nabiganj,Kharif,"Rice, Jute, Vegetables"
Habiganj,Nabiganj,Rabi,"Wheat, Mustard, Potatoes"
Habiganj,Nabiganj,Zaid,"Maize, Watermelon, Pumpkin"
Habiganj,Sayestaganj,Kharif,"Rice, Jute, Vegetables"
Habiganj,Sayestaganj,Rabi,"Wheat, Mustard, Potatoes"
Habiganj,Sayestaganj,Zaid,"Maize, Watermelon, Pumpkin"
Moulvibazar,Barlekha,Kharif,"Rice, Jute, Vegetables"
Moulvibazar,Barlekha,Rabi,"Wheat, Mustard, Potatoes"
Moulvibazar,Barlekha,Zaid,"Maize, Watermelon, Pumpkin"
Moulvibazar,Juri,Kharif,"Rice, Jute, Vegetables"
Moulvibazar,Juri,Rabi,"Wheat, Mustard, Potatoes"
Moulvibazar,Juri,Zaid,"Maize, Watermelon, Pumpkin"
Moulvibazar,Kamalganj,Kharif,"Rice, Jute, Vegetables"
Moulvibazar,Kamalganj,Rabi,"Wheat, Mustard, Potatoes"
Moulvibazar,Kamalganj,Zaid,"Maize, Watermelon, Pumpkin"
Moulvibazar,Kulaura,Kharif,"Rice, Jute, Vegetables"
Moulvibazar,Kulaura,Rabi,"Wheat, Mustard, Potatoes"
Moulvibazar,Kulaura,Zaid,"Maize, Watermelon, Pumpkin"
Moulvibazar,Moulvibazar-S,Kharif,"Rice, Jute, Vegetables"
Moulvibazar,Moulvibazar-S,Rabi,"Wheat, Mustard, Potatoes"
Moulvibazar,Moulvibazar-S,Zaid,"Maize, Watermelon, Pumpkin"
Moulvibazar,Rajnagar,Kharif,"Rice, Jute, Vegetables"
Moulvibazar,Rajnagar,Rabi,"Wheat, Mustard, Potatoes"
Moulvibazar,Rajnagar,Zaid,"Maize, Watermelon, Pumpkin"
Moulvibazar,Sreemangal,Kharif,"Rice, Jute, Vegetables"
Moulvibazar,Sreemangal,Rabi,"Wheat, Mustard, Potatoes"
Moulvibazar,Sreemangal,Zaid,"Maize, Watermelon, Pumpkin"
Sunamganj,Biswamvarpur,Kharif,"Rice, Jute, Vegetables"
Sunamganj,Biswamvarpur,Rabi,"Wheat, Mustard, Potatoes"
Sunamganj,Biswamvarpur,Zaid,"Maize, Watermelon, Pumpkin"
Sunamganj,Chatak,Kharif,"Rice, Jute, Vegetables"
Sunamganj,Chatak,Rabi,"Wheat, Mustard, Potatoes"
Sunamganj,Chatak,Zaid,"Maize, Watermelon, Pumpkin"
Sunamganj,Dakhin Sunamganj,Kharif,"Rice, Jute, Vegetables"
Sunamganj,Dakhin Sunamganj,Rabi,"Wheat, Mustard, Potatoes"
Sunamganj,Dakhin Sunamganj,Zaid,"Maize, Watermelon, Pumpkin"
Sunamganj,Derai,Kharif,"Rice, Jute, Vegetables"
Sunamganj,Derai,Rabi,"Wheat, Mustard, Potatoes"
Sunamganj,Derai,Zaid,"Maize, Watermelon, Pumpkin"
Sunamganj,Dharmapasha,Kharif,"Rice, Jute, Vegetables"
Sunamganj,Dharmapasha,Rabi,"Wheat, Mustard, Potatoes"
Sunamganj,Dharmapasha,Zaid,"Maize, Watermelon, Pumpkin"
Sunamganj,Doarabazar,Kharif,"Rice, Jute, Vegetables"
Sunamganj,Doarabazar,Rabi,"Wheat, Mustard, Potatoes"
Sunamganj,Doarabazar,Zaid,"Maize, Watermelon, Pumpkin"
Sunamganj,Jagannathpur,Kharif,"Rice, Jute, Vegetables"
Sunamganj,Jagannathpur,Rabi,"Wheat, Mustard, Potatoes"
Sunamganj,Jagannathpur,Zaid,"Maize, Watermelon, Pumpkin"
Sunamganj,Jamalganj,Kharif,"Rice, Jute, Vegetables"
Sunamganj,Jamalganj,Rabi,"Wheat, Mustard, Potatoes"
Sunamganj,Jamalganj,Zaid,"Maize, Watermelon, Pumpkin"
Sunamganj,Sulla,Kharif,"Rice, Jute, Vegetables"
Sunamganj,Sulla,Rabi,"Wheat, Mustard, Potatoes"
Sunamganj,Sulla,Zaid,"Maize, Watermelon, Pumpkin"
Sunamganj,Sunamganj-S,Kharif,"Rice, Jute, Vegetables"
Sunamganj,Sunamganj-S,Rabi,"Wheat, Mustard, Potatoes"
Sunamganj,Sunamganj-S,Zaid,"Maize, Watermelon, Pumpkin"
Sunamganj,Tahirpur,Kharif,"Rice, Jute, Vegetables"
Sunamganj,Tahirpur,Rabi,"Wheat, Mustard, Potatoes"
Sunamganj,Tahirpur,Zaid,"Maize, Watermelon, Pumpkin"
Sylhet,Balaganj,Kharif,"Rice, Jute, Vegetables"
Sylhet,Balaganj,Rabi,"Wheat, Mustard, Potatoes"
Sylhet,Balaganj,Zaid,"Maize, Watermelon, Pumpkin"
Sylhet,Beanibazar,Kharif,"Rice, Jute, Vegetables"
Sylhet,Beanibazar,Rabi,"Wheat, Mustard, Potatoes"
Sylhet,Beanibazar,Zaid,"Maize, Watermelon, Pumpkin"
Sylhet,Biswanath,Kharif,"Rice, Jute, Vegetables"
Sylhet,Biswanath,Rabi,"Wheat, Mustard, Potatoes"
Sylhet,Biswanath,Zaid,"Maize, Watermelon, Pumpkin"
Sylhet,Companiganj,Kharif,"Rice, Jute, Vegetables"
Sylhet,Companiganj,Rabi,"Wheat, Mustard, Potatoes"
Sylhet,Companiganj,Zaid,"Maize, Watermelon, Pumpkin"
Sylhet,Dakshin Surma,Kharif,"Rice, Jute, Vegetables"
Sylhet,Dakshin Surma,Rabi,"Wheat, Mustard, Potatoes"
Sylhet,Dakshin Surma,Zaid,"Maize, Watermelon, Pumpkin"
Sylhet,Fenchuganj,Kharif,"Rice, Jute, Vegetables"
Sylhet,Fenchuganj,Rabi,"Wheat, Mustard, Potatoes"
Sylhet,Fenchuganj,Zaid,"Maize, Watermelon, Pumpkin"
Sylhet,Golapganj,Kharif,"Rice, Jute, Vegetables"
Sylhet,Golapganj,Rabi,"Wheat, Mustard, Potatoes"
Sylhet,Golapganj,Zaid,"Maize, Watermelon, Pumpkin"
Sylhet,Gowainghat,Kharif,"Rice, Jute, Vegetables"
Sylhet,Gowainghat,Rabi,"Wheat, Mustard, Potatoes"
Sylhet,Gowainghat,Zaid,"Maize, Watermelon, Pumpkin"
Sylhet,Jointiapur,Kharif,"Rice, Jute, Vegetables"
Sylhet,Jointiapur,Rabi,"Wheat, Mustard, Potatoes"
Sylhet,Jointiapur,Zaid,"Maize, Watermelon, Pumpkin"
Sylhet,Kanaighat,Kharif,"Rice, Jute, Vegetables"
Sylhet,Kanaighat,Rabi,"Wheat, Mustard, Potatoes"
Sylhet,Kanaighat,Zaid,"Maize, Watermelon, Pumpkin"
Sylhet,Osmaninagar,Kharif,"Rice, Jute, Vegetables"
Sylhet,Osmaninagar,Rabi,"Wheat, Mustard, Potatoes"
Sylhet,Osmaninagar,Zaid,"Maize, Watermelon, Pumpkin"
Sylhet,Sylhet-S,Kharif,"Rice, Jute, Vegetables"
Sylhet,Sylhet-S,Rabi,"Wheat, Mustard, Potatoes"
Sylhet,Sylhet-S,Zaid,"Maize, Watermelon, Pumpkin"
Sylhet,Zakiganj,Kharif,"Rice, Jute, Vegetables"
Sylhet,Zakiganj,Rabi,"Wheat, Mustard, Potatoes"
Sylhet,Zakiganj,Zaid,"Maize, Watermelon, Pumpkin"
